date,period,energy_kwh
2025-02-01,6:10-6:20,1.956283023567721
2025-02-01,7:50-8:10,31.080968431061365
2025-02-01,8:50-9:20,82.43644805460208
2025-02-01,10:30-11:00,119.49082134609023
2025-02-01,11:20-11:30,1.7294935237353002
2025-02-01,12:00-12:10,4.914603847503599
2025-02-01,15:30-15:40,22.301404420424575
2025-02-01,18:10-18:20,6.3322671482616215
2025-02-01,19:30-19:50,42.8738020612289
2025-02-01,21:20-21:30,27.187948515551852
2025-02-01,23:10-23:20,6.440643133402261
2025-02-01,0:00-0:10+1,12.073957740011565
2025-02-02,1:50-2:00,1.3169533333333447
2025-02-02,3:00-3:10,44.86166666666668
2025-02-02,6:40-6:50,14.131159111053876
2025-02-02,8:20-8:30,17.906994718064084
2025-02-02,11:00-11:10,26.25392832452758
2025-02-02,11:40-12:00,51.70550397142915
2025-02-02,17:20-17:30,7.077898263605334
2025-02-02,18:30-18:40,33.96529085900829
2025-02-02,19:10-19:20,0.0853616524212839
2025-02-03,3:20-3:40,27.30046666666658
2025-02-03,6:40-7:00,31.92802009853324
2025-02-03,8:30-8:40,11.12507010196623
2025-02-03,9:10-9:30,73.09152396710846
2025-02-03,10:40-11:00,84.54241401816967
2025-02-03,12:40-12:50,29.763016896950603
2025-02-03,13:30-13:40,15.138915890660371
2025-02-03,15:10-15:20,14.191823078760535
2025-02-03,16:40-16:50,11.013222935979684
2025-02-03,17:10-17:30,35.17465431658309
2025-02-03,18:30-18:40,10.488333333333571
2025-02-03,19:20-19:30,0.7028747192345008
2025-02-03,0:00-0:10+1,0.17999999999994998
2025-02-04,0:30-0:40,10.686999999999898
2025-02-04,6:30-6:50,24.896480183362883
2025-02-04,7:40-8:00,17.07960723484439
2025-02-04,8:20-8:40,36.82451041434422
2025-02-04,9:30-9:40,10.152931765421386
2025-02-04,13:10-13:40,18.046824923016032
2025-02-04,15:10-15:30,104.99926748256667
2025-02-04,16:10-16:40,90.94962459459612
2025-02-04,16:50-17:30,37.82999925642923
2025-02-04,18:40-18:50,0.6041442094619924
2025-02-04,20:50-21:00,12.23028141065572
2025-02-04,22:20-22:50,121.60476200878406
2025-02-05,0:10-0:30,24.326146666666773
2025-02-05,6:10-6:30,57.8645258514083
2025-02-05,7:20-7:30,7.951983851262753
2025-02-05,10:10-10:20,1.7620306797291505
2025-02-05,14:00-14:10,26.37274096751571
2025-02-05,16:40-17:00,48.46600824329073
2025-02-05,17:20-18:00,63.80021621643073
2025-02-05,18:10-18:30,21.997486148521716
2025-02-05,18:50-19:10,9.86817797874312
2025-02-05,20:00-20:10,9.692673224864961
2025-02-05,20:20-20:30,1.0245719514109624
2025-02-05,22:40-22:50,2.3674769857461797
2025-02-06,0:10-0:30,40.15088000000014
2025-02-06,6:10-6:20,5.9550900681189205
2025-02-06,8:10-8:20,23.165105393610247
2025-02-06,12:20-12:30,1.6901289383683888
2025-02-06,12:40-13:10,22.982543207471117
2025-02-06,15:10-15:20,9.51696565778093
2025-02-06,16:00-16:10,4.02876314369189
2025-02-06,16:30-16:50,19.14239640342248
2025-02-06,17:20-17:40,8.253077991698774
2025-02-06,20:20-20:30,1.113700966355509
2025-02-06,21:10-21:30,48.11011572745133
2025-02-07,3:40-3:50,6.3311466666667116
2025-02-07,14:50-15:00,14.521798013117817
2025-02-07,15:50-16:00,13.721899438075269
2025-02-07,18:40-19:00,63.761608241580234
2025-02-07,19:20-19:30,2.498031927673537
2025-02-07,20:50-21:10,47.21875696952418
2025-02-08,0:30-0:40,21.315999999999804
2025-02-08,1:00-1:10,6.6983333333333235
2025-02-08,2:00-2:10,21.769333333333236
2025-02-08,3:10-3:20,0.8385900000000106
2025-02-08,5:10-5:20,7.659496666666598
2025-02-08,6:30-6:40,15.981737959106567
2025-02-08,7:10-7:40,74.28916383956766
2025-02-08,8:40-8:50,7.924433333333354
2025-02-08,9:50-10:20,60.31394601635168
2025-02-08,11:10-11:30,7.8063985343627
2025-02-08,12:00-12:10,1.7658150405671336
2025-02-08,12:30-13:00,93.61889203439875
2025-02-08,14:40-15:00,18.37822054101892
2025-02-08,16:00-16:30,85.04925374880219
2025-02-08,16:50-17:10,16.037351708714084
2025-02-08,17:30-18:00,58.47977209233943
2025-02-08,19:00-19:20,24.11801248817335
2025-02-08,20:40-21:00,39.868990875975385
2025-02-08,22:10-22:30,28.30972333333324
2025-02-09,0:50-1:00,0.7648033333332478
2025-02-09,1:30-1:50,14.158966666666629
2025-02-09,2:10-2:30,5.393263333333152
2025-02-09,4:10-4:20,39.24693000000002
2025-02-09,7:10-7:30,6.548852222222422
2025-02-09,17:10-17:30,23.631349986328246
2025-02-09,18:00-18:20,26.20289666666656
2025-02-09,19:30-20:00,8.251883010334836
2025-02-09,21:00-21:10,16.776666666666642
2025-02-09,21:30-21:50,20.477980000000116
2025-02-09,23:40-23:50,8.056046218307301
2025-02-10,1:10-1:30,24.03192333333334
2025-02-10,2:40-3:00,11.307819999999992
2025-02-10,4:40-5:00,35.06387333333328
2025-02-10,5:10-5:30,15.615406666666672
2025-02-10,6:00-6:10,2.9263333333332184
2025-02-10,10:10-10:20,5.73220856656377
2025-02-10,11:00-11:20,51.632887715869856
2025-02-10,11:50-12:10,85.27015587176618
2025-02-10,12:50-13:10,8.26214236780741
2025-02-10,17:30-17:40,2.5870767752837764
2025-02-10,18:50-19:10,42.43865499870094
2025-02-10,20:50-21:10,11.172336666666638
2025-02-10,21:30-21:50,17.46937524785926
2025-02-10,22:00-22:10,4.8969999999999345
2025-02-10,23:30-0:00+1,76.99299880975946
2025-02-11,0:10-0:20,0.5841966666666849
2025-02-11,2:40-2:50,2.4024466666667195
2025-02-11,3:10-3:30,10.103816666666717
2025-02-11,5:00-5:20,21.973696666666683
2025-02-11,6:10-6:20,3.8157416666667814
2025-02-11,6:40-7:00,33.535426582679634
2025-02-11,7:30-7:40,10.594753627370551
2025-02-11,9:10-9:30,27.19145274637225
2025-02-11,10:20-10:40,111.84236727888361
2025-02-11,11:50-12:10,50.85437987634384
2025-02-11,14:10-14:30,14.360440229592868
2025-02-11,19:30-19:50,19.640809219772677
2025-02-11,20:20-20:40,72.55645781464648
2025-02-11,21:30-21:50,33.825936666666735
2025-02-11,23:40-0:00+1,9.887831335359124
2025-02-12,4:40-4:50,11.826219999999921
2025-02-12,6:20-6:40,19.393130238954996
2025-02-12,7:00-7:10,38.7687645677463
2025-02-12,8:40-9:10,52.58450851979859
2025-02-12,9:20-9:40,36.85302619544433
2025-02-12,10:00-10:20,35.355459534258245
2025-02-12,12:00-12:10,30.369107759196822
2025-02-12,13:00-13:20,42.893022350168096
2025-02-12,14:20-14:30,8.216928383465756
2025-02-12,14:40-15:00,42.58153438318817
2025-02-12,15:40-16:00,20.272608283215618
2025-02-12,17:20-17:30,7.263940000000048
2025-02-12,18:30-18:40,18.293333333333408
2025-02-12,19:30-19:40,8.77087155019899
2025-02-12,20:00-20:10,9.675797200887132
2025-02-12,20:40-21:00,8.10744670132442
2025-02-12,21:30-22:00,25.63510285566383
2025-02-12,23:10-23:30,29.811535810069813
2025-02-13,0:40-1:00,21.18525333333332
2025-02-13,1:20-1:30,30.07543666666652
2025-02-13,1:50-2:20,19.980759999999805
2025-02-13,3:20-3:30,24.776003333333392
2025-02-13,3:40-3:50,4.440463333333241
2025-02-13,4:20-4:40,22.51214666666658
2025-02-13,5:00-5:20,34.61536666666643
2025-02-13,5:40-6:00,37.002906666666604
2025-02-13,10:30-10:40,4.2570638832143
2025-02-13,17:40-17:50,0.19618089853156562
2025-02-13,18:40-18:50,6.786439999999857
2025-02-13,19:20-20:00,133.50946581767266
2025-02-13,21:00-21:10,19.979963963339173
2025-02-13,21:40-21:50,4.87826917009977
2025-02-13,23:30-23:40,3.9486214715102506
2025-02-14,0:10-0:20,18.391560000000027
2025-02-14,0:50-1:10,25.03701333333356
2025-02-14,2:40-3:30,55.47372000000007
2025-02-14,5:40-6:00,54.306373333333454
2025-02-14,6:10-6:20,6.940348592160262
2025-02-14,7:40-8:00,23.51666032560044
2025-02-14,17:10-18:10,171.12107887598125
2025-02-14,18:20-18:30,6.805812944710681
2025-02-14,22:10-22:20,0.9448866666666618
2025-02-14,22:50-23:00,12.82103333333339
2025-02-14,0:00-0:10+1,5.621999999999957
2025-02-15,0:10-0:20,7.757959999999912
2025-02-15,1:20-1:50,7.788396666666529
2025-02-15,2:20-3:00,86.0548399999999
2025-02-15,3:40-4:00,28.010693333333336
2025-02-15,5:00-5:10,4.35766666666666
2025-02-15,5:30-5:40,12.264666666666812
2025-02-15,6:00-6:30,42.514587599926415
2025-02-15,6:50-7:00,21.969458183465633
2025-02-15,11:30-11:40,2.4101941528621182
2025-02-15,12:10-12:20,6.6351595071994325
2025-02-15,13:50-14:10,37.06307470930898
2025-02-15,15:10-15:20,4.1337835785945245
2025-02-15,17:10-18:00,34.61506950388258
2025-02-15,18:20-18:30,1.3796716253652335
2025-02-15,19:40-20:00,34.77462241294501
2025-02-15,21:00-21:30,121.57056333333321
2025-02-15,22:30-23:00,74.80420819130796
2025-02-15,23:10-23:30,39.97703303874408
2025-02-16,0:10-0:30,14.794203333333371
2025-02-16,2:40-2:50,9.168696666666733
2025-02-16,3:40-4:00,16.9309833333333
2025-02-16,4:20-4:40,75.40353000000016
2025-02-16,5:00-5:10,13.79099999999994
2025-02-16,5:30-5:40,31.037333333333436
2025-02-16,6:00-6:10,20.180333333333238
2025-02-16,8:20-8:40,20.282278564136618
2025-02-16,11:40-12:00,66.07641015408728
2025-02-16,13:50-14:10,80.89928893557669
2025-02-16,15:00-15:10,44.51539586308809
2025-02-16,16:30-17:10,55.932464429672564
2025-02-16,17:40-18:00,75.2464511111109
2025-02-16,19:00-19:10,22.666889429513617
2025-02-16,19:20-19:30,4.692836044270052
2025-02-16,20:00-20:10,9.692748946782217
2025-02-16,21:10-21:30,2.6892800000000534
2025-02-16,21:50-22:00,12.484552960077963
2025-02-16,22:40-23:10,31.765976549259904
2025-02-16,23:40-23:50,5.457653779613111
2025-02-17,0:20-0:30,6.06536333333338
2025-02-17,0:50-1:10,29.69281333333356
2025-02-17,1:40-2:00,43.92907333333335
2025-02-17,2:10-2:30,15.97058333333348
2025-02-17,3:20-3:40,28.75380666666649
2025-02-17,6:10-6:20,0.185432777777919
2025-02-17,6:50-7:10,29.764935049759515
2025-02-17,12:20-12:40,70.24957971260858
2025-02-17,13:50-14:00,22.04730530716106
2025-02-17,14:30-14:40,9.152632583990112
2025-02-17,15:50-16:10,46.38194700255394
2025-02-17,16:30-16:40,5.951189342740804
2025-02-17,17:10-17:20,5.933696666666606
2025-02-17,17:40-17:50,2.944404741055905
2025-02-17,18:20-18:30,6.489520000000084
2025-02-17,19:10-19:30,72.05377836785556
2025-02-17,20:10-20:30,36.17530269830456
2025-02-17,22:20-22:30,18.24170333333325
2025-02-17,23:10-23:30,22.38010333333318
2025-02-18,0:20-0:30,0.06889000000001033
2025-02-18,1:00-1:40,49.930563333333566
2025-02-18,2:00-2:10,3.8220000000001164
2025-02-18,3:30-3:40,0.29566666666664787
2025-02-18,3:50-4:20,70.91433666666637
2025-02-18,5:30-5:40,9.460666666666725
2025-02-18,6:00-6:10,14.942333333333295
2025-02-18,6:30-6:40,7.868409789339125
2025-02-18,8:40-8:50,4.428470188742722
2025-02-18,11:30-11:40,7.506042636446182
2025-02-18,12:10-12:20,10.734895212247807
2025-02-18,12:50-13:10,31.105460883162586
2025-02-18,13:30-14:10,195.84600527871643
2025-02-18,15:00-15:10,17.608102159650116
2025-02-18,15:30-15:40,35.997752380993575
2025-02-18,16:00-17:10,160.70782376767443
2025-02-18,17:30-18:00,79.92336623272035
2025-02-18,20:00-20:10,7.859315721730013
2025-02-18,22:10-22:20,12.456753333333381
2025-02-19,1:00-1:10,16.55766666666659
2025-02-19,1:30-1:40,25.339333333333343
2025-02-19,1:50-2:10,82.8628033333332
2025-02-19,2:30-3:10,74.40594333333331
2025-02-19,3:30-3:40,9.442666666666582
2025-02-19,5:00-5:20,35.20062666666638
2025-02-19,6:00-6:10,9.432333333333304
2025-02-19,6:30-6:40,53.83494566794684
2025-02-19,9:00-9:20,22.520513206695682
2025-02-19,9:50-10:10,76.13229352926876
2025-02-19,11:00-11:20,104.13596095490266
2025-02-19,11:50-12:00,5.250144999999975
2025-02-19,12:20-12:30,2.1046607659304755
2025-02-19,13:30-13:40,16.291610370689916
2025-02-19,15:20-15:40,46.40414653347608
2025-02-19,16:10-16:20,11.328542849968699
2025-02-19,16:50-17:00,4.182871408106621
2025-02-19,17:30-17:40,19.15853069267132
2025-02-19,20:00-20:30,17.049383445141416
2025-02-19,21:10-21:20,13.26467185574677
2025-02-19,22:00-22:50,65.80218660348521
2025-02-19,23:40-0:10+1,94.66190339651507
2025-02-20,0:30-0:40,19.582000000000107
2025-02-20,1:00-1:20,7.162403333333259
2025-02-20,3:00-3:10,25.109666666666612
2025-02-20,4:00-4:20,33.90227999999979
2025-02-20,4:40-5:00,28.296193333333235
2025-02-20,5:30-5:40,11.565666666666743
2025-02-20,6:10-6:30,52.75271018887247
2025-02-20,8:10-8:20,0.41187274896469717
2025-02-20,8:30-9:00,55.61530016852009
2025-02-20,10:10-10:40,36.380224664553054
2025-02-20,16:40-17:00,12.548996692349533
2025-02-20,17:10-18:00,103.09993130585588
2025-02-20,18:20-18:40,25.254083333333142
2025-02-20,20:10-20:30,36.331222194641555
2025-02-20,21:10-21:20,17.94870333333313
2025-02-20,22:10-22:30,5.4717299999999796
2025-02-20,23:00-23:20,58.98953333333327
2025-02-20,0:00-0:10+1,1.308420815851889
2025-02-21,0:30-1:00,38.26410333333342
2025-02-21,1:20-1:40,15.766696666666633
2025-02-21,2:00-2:10,33.591000000000065
2025-02-21,4:00-4:20,37.92526333333325
2025-02-21,4:30-4:40,11.989333333333207
2025-02-21,5:10-5:40,44.91205333333329
2025-02-21,6:40-6:50,2.2609858532489966
2025-02-21,15:50-16:00,21.430741152486377
2025-02-21,16:40-17:00,22.32250661568844
2025-02-21,17:40-18:00,51.278044649097524
2025-02-21,19:30-19:40,33.29197694899608
2025-02-21,21:00-21:20,33.6222066666665
2025-02-21,21:50-22:10,42.73196333333317
2025-02-21,22:40-23:20,23.297078468203154
2025-02-21,23:50-0:10+1,18.223299374126498
2025-02-22,0:30-0:40,3.972666666666669
2025-02-22,2:00-2:20,43.91957999999994
2025-02-22,3:10-3:40,61.468016666666585
2025-02-22,4:00-4:30,20.566873333333263
2025-02-22,5:10-5:30,5.49075333333343
2025-02-22,6:30-6:40,21.432544401105247
2025-02-22,7:10-7:20,5.607696648030753
2025-02-22,11:40-11:50,10.108484413865938
2025-02-22,17:10-17:30,27.92445047012808
2025-02-22,17:40-18:10,104.4750152437611
2025-02-22,22:00-22:20,43.491643333333286
2025-02-22,23:50-0:10+1,37.27584666666661
2025-02-23,0:20-0:40,8.875649999999723
2025-02-23,1:20-1:40,20.064913333333266
2025-02-23,3:10-3:30,48.378829999999994
2025-02-23,4:00-4:10,2.8676666666666506
2025-02-23,4:40-4:50,41.02637333333348
2025-02-23,5:10-5:40,90.5794400000002
2025-02-23,6:10-6:30,18.278974665626265
2025-02-23,8:10-8:20,4.831299497249802
2025-02-23,9:20-9:30,4.458265497894672
2025-02-23,9:50-10:30,100.31605429314143
2025-02-23,12:20-12:50,126.03063132422653
2025-02-23,15:30-15:50,58.08722228738844
2025-02-23,17:20-17:40,34.3846392581803
2025-02-23,18:10-18:20,18.49891333333335
2025-02-23,19:30-20:00,29.05012355636893
2025-02-23,20:20-20:40,20.809014516193542
2025-02-23,21:10-21:30,18.456076666666718
2025-02-23,22:00-22:10,2.6340000000000146
2025-02-23,22:30-22:40,3.09699999999998
2025-02-23,23:10-23:40,20.407770000000028
2025-02-24,0:40-0:50,25.549926666666806
2025-02-24,1:20-1:40,43.76350333333323
2025-02-24,5:00-5:20,16.275656666666805
2025-02-24,6:10-7:00,126.75750668632622
2025-02-24,8:40-9:00,41.660897865688355
2025-02-24,9:30-9:40,0.1486446607933658
2025-02-24,13:00-13:10,3.5024905281795924
2025-02-24,13:30-13:40,23.472796612126494
2025-02-24,15:40-16:00,7.400115963293047
2025-02-24,17:30-18:20,64.45132397081363
2025-02-24,20:20-21:10,71.44217828469118
2025-02-24,21:50-22:20,19.234556666666663
2025-02-25,0:10-0:20,2.5409700000000157
2025-02-25,1:10-1:30,35.61395333333326
2025-02-25,2:20-2:30,32.0400666666668
2025-02-25,2:50-3:20,52.508826666666664
2025-02-25,5:40-6:00,30.585900000000038
2025-02-25,6:30-6:40,36.78948756681825
2025-02-25,7:00-7:20,57.019305569336325
2025-02-25,13:10-13:30,24.12556328723187
2025-02-25,19:00-19:10,55.61558898355361
2025-02-25,21:10-21:40,15.714304580065686
2025-02-25,22:10-22:20,3.221616666666705
2025-02-25,22:40-22:50,18.8897223939382
2025-02-25,23:20-23:50,34.53529192772476
2025-02-26,0:20-0:30,12.764070000000174
2025-02-26,1:40-1:50,30.659556666666617
2025-02-26,3:20-3:30,8.554970000000026
2025-02-26,4:20-4:40,57.936023333333196
2025-02-26,5:40-6:00,29.811649999999872
2025-02-26,6:40-7:00,23.082974142214766
2025-02-26,7:30-8:10,86.21587052569708
2025-02-26,8:50-9:10,65.71142688445138
2025-02-26,10:20-10:30,8.621085272526507
2025-02-26,11:00-11:20,59.48776573051862
2025-02-26,12:40-13:10,54.89599603134122
2025-02-26,13:50-14:00,4.1121166666666795
2025-02-26,14:50-15:00,21.573132153567258
2025-02-26,15:30-15:40,15.517978574046822
2025-02-26,16:00-16:20,30.52709491474866
2025-02-26,16:30-16:40,0.401448812298554
2025-02-26,17:00-17:20,30.8839012292799
2025-02-26,17:40-18:00,49.41757277777765
2025-02-26,18:30-18:40,14.138333333333208
2025-02-26,19:00-19:10,8.744397970907698
2025-02-26,19:50-20:00,7.876749341208551
2025-02-26,23:20-23:40,17.3200966666667
2025-02-27,1:20-1:30,3.472513333333268
2025-02-27,2:30-2:40,7.73166666666657
2025-02-27,3:30-3:50,57.32886999999994
2025-02-27,6:20-6:50,65.01481755926238
2025-02-27,9:00-9:20,113.48794931326336
2025-02-27,9:40-10:30,180.08874420116845
2025-02-27,12:30-12:50,22.873580116001335
2025-02-27,13:20-13:30,3.769842748307312
2025-02-27,15:00-15:10,0.5333971402811812
2025-02-27,15:30-16:00,71.06820393972976
2025-02-27,16:20-16:40,6.493272548751406
2025-02-27,17:30-18:00,22.30256131069416
2025-02-27,18:10-18:30,10.547103333333212
2025-02-27,18:50-19:00,3.278814115563364
2025-02-27,19:30-19:40,1.0190923550014759
2025-02-27,20:40-20:50,2.46637780462072
2025-02-27,21:30-21:40,26.534591759031287
2025-02-28,0:20-0:40,20.07129666666674
2025-02-28,1:10-1:30,22.84826000000004
2025-02-28,1:40-2:00,21.427209999999945
2025-02-28,2:30-2:40,5.66166666666669
2025-02-28,4:10-4:20,15.185933333333367
2025-02-28,4:40-5:00,65.1382566666665
2025-02-28,5:10-5:20,3.2411933333333423
2025-02-28,6:10-6:40,56.60575220925733
2025-02-28,7:40-7:50,3.487986209845076
2025-02-28,13:00-13:30,61.0930328204052
2025-02-28,18:40-19:00,38.398596026478
2025-02-28,20:00-20:10,13.57128284654749
2025-02-28,20:30-20:40,31.14818349531862
2025-02-28,21:40-22:00,38.882434500307056
2025-02-28,23:30-23:40,11.058333333333167
2025-03-01,0:10-0:30,59.58269333333328
2025-03-01,1:40-1:50,16.414499999999975
2025-03-01,2:30-2:40,5.916333333333284
2025-03-01,9:00-9:10,1.2824820992591484
2025-03-01,15:50-16:00,4.459295632490459
2025-03-01,16:20-16:30,11.94549110474162
2025-03-01,17:00-17:10,13.326278893465485
2025-03-01,18:20-18:50,130.79136016415976
2025-03-01,19:10-19:20,1.4084411605205673
2025-03-01,20:20-20:40,16.867622639113677
2025-03-01,21:00-21:30,48.22871968442462
2025-03-01,22:40-22:50,22.756435726885684
2025-03-01,23:20-23:30,12.778945007834523
2025-03-02,1:00-1:10,2.734333333333325
2025-03-02,2:40-2:50,0.19288333333338414
2025-03-02,7:20-7:30,1.062788753798145
2025-03-02,9:10-9:20,11.992798013640709
2025-03-02,11:10-11:20,15.8773001219364
2025-03-02,12:00-12:10,4.43562632056944
2025-03-02,13:40-13:50,13.194360617611778
2025-03-02,14:20-14:50,141.5681108188033
2025-03-02,17:20-18:30,170.2862704341918
2025-03-02,18:50-19:00,1.2597899695509227
2025-03-02,20:50-21:10,28.620329437894725
2025-03-02,21:30-21:50,47.014483513840105
2025-03-02,22:40-23:00,19.518436666666616
2025-03-02,23:10-23:30,1.88663315921508
2025-03-02,23:50-0:00+1,14.449567074408037
2025-03-03,0:10-0:30,14.747879999999668
2025-03-03,1:40-2:10,69.25929333333329
2025-03-03,2:40-2:50,0.5716766666668036
2025-03-03,3:30-3:40,15.376333333333264
2025-03-03,9:40-10:00,37.702182868298564
2025-03-03,11:30-12:00,65.730008412747
2025-03-03,13:50-14:00,16.757952597028094
2025-03-03,14:30-14:40,37.350808743579535
2025-03-03,15:10-15:40,79.19360582097698
2025-03-03,16:00-16:50,150.26902960561415
2025-03-03,17:50-18:00,14.195979678119215
2025-03-03,18:20-18:40,20.263282179814837
2025-03-03,19:00-20:00,131.64569151855346
2025-03-03,20:40-21:00,21.63095541078178
2025-03-03,21:10-21:40,46.854023333333316
2025-03-03,22:30-22:50,16.990196666666407
2025-03-03,23:50-0:00+1,19.13649666666663
2025-03-04,0:30-0:50,24.540513333333138
2025-03-04,1:50-2:10,100.17434666666645
2025-03-04,6:20-6:30,9.10207518221057
2025-03-04,11:20-11:50,176.79049376827436
2025-03-04,12:10-12:50,99.09805397535399
2025-03-04,13:40-16:00,532.2811239278492
2025-03-04,17:10-17:40,36.303293695132766
2025-03-04,20:20-20:40,27.452036749699232
2025-03-04,22:30-22:40,22.236426437727914
2025-03-04,23:00-23:20,28.652369134037826
2025-03-04,23:50-0:10+1,46.86632666666674
2025-03-05,0:40-1:00,3.1315233333332344
2025-03-05,12:10-12:30,125.9741976833891
2025-03-05,13:20-13:50,164.7005896889977
2025-03-05,14:00-14:30,32.276297547065596
2025-03-05,15:00-15:20,65.28142038027556
2025-03-05,15:30-16:10,81.78173282522067
2025-03-05,16:30-17:00,75.86470451082846
2025-03-05,17:20-17:30,5.538143346021116
2025-03-05,17:40-17:50,27.683121281773424
2025-03-05,18:40-19:00,44.33437560245238
2025-03-05,19:20-19:30,8.985425011063626
2025-03-05,20:10-20:30,23.445535062273393
2025-03-05,20:40-20:50,25.72725455102102
2025-03-05,21:20-21:30,4.823143333333292
2025-03-05,22:10-22:30,12.592209985203567
2025-03-05,22:40-23:00,24.75553000000002
2025-03-05,0:00-0:10+1,12.961666666666588
2025-03-06,0:20-0:40,41.8440433333335
2025-03-06,2:10-2:20,16.828043333333312
2025-03-06,2:40-3:00,33.23526333333348
2025-03-06,7:00-7:10,17.717061157586727
2025-03-06,11:20-11:30,8.071633333333239
2025-03-06,13:50-14:00,5.311171219510612
2025-03-06,16:10-16:20,12.521988684936446
2025-03-06,16:50-17:10,54.20467772562813
2025-03-06,17:30-18:10,66.73962091617591
2025-03-06,18:50-19:00,4.031666432457541
2025-03-06,20:20-20:30,2.3887241606590806
2025-03-06,21:00-21:10,1.4720000000000937
2025-03-06,22:30-23:40,53.41824367792151
2025-03-06,0:00-0:10+1,31.042333333333318
2025-03-07,0:10-0:20,30.319430000000125
2025-03-07,2:10-2:20,0.7852966666666248
2025-03-07,3:00-3:10,4.10766666666666
2025-03-07,12:30-12:40,27.547688491367012
2025-03-07,13:20-14:00,75.63575579278262
2025-03-07,14:10-14:30,21.260952449711226
2025-03-07,15:10-15:40,144.29409312649966
2025-03-07,15:50-16:20,80.02256822576916
2025-03-07,17:10-17:20,21.95948028174388
2025-03-07,18:10-18:30,54.608383106441295
2025-03-07,18:40-19:00,14.902045041235283
2025-03-07,20:50-21:00,14.00300209136384
2025-03-07,21:30-21:40,3.019999999999982
2025-03-07,21:50-22:00,5.254292090656065
2025-03-07,22:20-22:50,53.079906106416274
2025-03-08,2:00-2:20,30.42607666666663
2025-03-08,2:40-3:20,55.1016166666667
2025-03-08,3:40-4:00,9.035550000000114
2025-03-08,4:20-5:30,115.26450333333355
2025-03-08,7:40-7:50,9.481598689503258
2025-03-08,16:40-17:00,25.211067059679294
2025-03-08,18:00-18:10,38.88069596101286
2025-03-08,21:40-21:50,22.431792153506308
2025-03-08,22:20-22:30,9.018428315611573
2025-03-08,22:40-23:00,24.27625666666688
2025-03-09,1:50-2:30,59.638059999999996
2025-03-09,3:00-3:20,21.67488000000003
2025-03-09,3:30-4:10,36.17324333333329
2025-03-09,4:50-5:10,12.380559999999946
2025-03-09,7:50-8:00,16.72018991798643
2025-03-09,9:50-10:00,21.756556992842675
2025-03-09,11:20-11:40,95.42323172897045
2025-03-09,16:30-16:40,25.882626666666738
2025-03-09,17:00-17:10,31.885403333333443
2025-03-09,18:40-19:00,63.38972686656234
2025-03-09,20:10-20:40,24.239477249768697
2025-03-09,21:50-22:20,49.322913333333645
2025-03-10,1:00-1:20,89.33570666666662
2025-03-10,2:20-2:40,49.343913333333376
2025-03-10,4:20-5:00,69.61121333333347
2025-03-10,5:40-6:00,38.15101666666669
2025-03-10,7:00-7:10,6.03711666666652
2025-03-10,7:30-7:40,49.75451183932057
2025-03-10,8:40-8:50,0.3517583321664688
2025-03-10,9:10-9:20,10.636362732032353
2025-03-10,9:40-10:00,51.042971338548796
2025-03-10,11:00-11:20,36.65209646821438
2025-03-10,12:10-13:00,150.70709558426347
2025-03-10,17:00-17:10,34.066297943103564
2025-03-10,18:00-18:20,24.626806596089523
2025-03-10,19:30-20:20,106.65677098806225
2025-03-10,22:30-22:40,2.5310000000001764
2025-03-10,23:00-23:40,34.707867410182075
2025-03-11,0:40-0:50,6.388506666666444
2025-03-11,1:20-1:40,24.570999999999913
2025-03-11,2:20-2:40,15.22680000000014
2025-03-11,5:10-5:40,21.568313333333208
2025-03-11,6:40-7:40,111.84088446796642
2025-03-11,8:30-9:10,93.09483897179493
2025-03-11,10:10-10:40,260.5200589451683
2025-03-11,10:50-11:20,86.95552085056988
2025-03-11,11:30-11:40,6.266265192099581
2025-03-11,14:10-14:20,18.432165630078174
2025-03-11,15:30-15:40,0.8403705572623608
2025-03-11,16:10-16:30,31.092032222222315
2025-03-11,17:00-17:10,2.735443333333251
2025-03-11,17:50-18:30,30.585193333333223
2025-03-11,19:30-19:40,14.745034853380389
2025-03-11,21:20-21:30,7.506610000000023
2025-03-11,22:10-22:30,27.19906666666668
2025-03-11,22:40-23:00,41.552179999999794
2025-03-12,0:30-0:50,22.542639999999665
2025-03-12,1:40-2:00,64.62448999999992
2025-03-12,2:10-2:30,19.139246666666736
2025-03-12,3:00-3:20,38.277330000000006
2025-03-12,3:40-4:00,66.99410666666677
2025-03-12,4:40-5:00,14.36422333333337
2025-03-12,5:40-5:50,11.535216666666656
2025-03-12,6:40-6:50,1.9819362635853395
2025-03-12,18:00-18:20,48.07591666666667
2025-03-12,18:30-18:40,15.474000000000046
2025-03-12,19:00-19:10,7.7881772573238095
2025-03-12,20:20-20:30,1.5495593885952985
2025-03-12,21:50-22:10,9.832296666666366
2025-03-12,22:50-23:10,47.874556666666535
2025-03-13,0:10-0:30,37.009990000000016
2025-03-13,0:40-0:50,7.645853333333434
2025-03-13,2:30-2:40,17.035666666666657
2025-03-13,3:00-3:20,33.27315333333354
2025-03-13,6:00-6:30,61.830134324336996
2025-03-13,7:20-7:40,59.0809546285883
2025-03-13,13:20-13:40,27.1931111387742
2025-03-13,17:10-17:20,24.300339202457735
2025-03-13,19:10-20:20,154.55573648089398
2025-03-13,22:10-22:30,19.49275959344061
2025-03-13,23:40-23:50,6.983976666666422
2025-03-14,1:00-1:10,1.1973333333332903
2025-03-14,1:50-2:10,19.555333333333238
2025-03-14,2:30-3:20,50.617553333333376
2025-03-14,4:10-4:30,31.98248000000001
2025-03-14,4:40-5:00,18.935773333333202
2025-03-14,5:40-6:10,82.22131333333334
2025-03-14,12:00-12:10,22.704780705801568
2025-03-14,17:30-17:40,12.505116672417728
2025-03-14,18:30-18:40,1.2257848760688148
2025-03-14,19:50-20:20,17.71775622906671
2025-03-14,22:50-23:10,28.49365465394385
2025-03-15,0:20-1:00,44.2749166666668
2025-03-15,1:10-1:30,27.76744333333346
2025-03-15,2:30-2:50,25.225999999999885
2025-03-15,4:30-4:40,1.6406666666666752
2025-03-15,5:20-5:30,20.056659999999965
2025-03-15,18:20-18:40,25.490119981009855
2025-03-15,20:40-21:00,69.96100750407857
2025-03-15,23:30-0:10+1,78.36021769332467
2025-03-16,0:10-0:30,18.191900000000032
2025-03-16,1:10-1:30,27.880606666666722
2025-03-16,2:40-3:00,27.82540666666671
2025-03-16,3:10-3:20,1.7316833333334216
2025-03-16,3:50-4:00,0.2502200000001267
2025-03-16,4:20-4:30,5.043639999999982
2025-03-16,5:40-6:20,90.67641069711169
2025-03-16,7:40-8:00,35.27543681548701
2025-03-16,8:30-8:40,11.855790657848672
2025-03-16,10:40-11:10,75.63343166182989
2025-03-16,12:40-12:50,13.92838357533924
2025-03-16,18:00-18:20,15.881686304593018
2025-03-16,22:40-22:50,3.6210033333334195
2025-03-16,23:10-23:30,5.688758768109665
2025-03-16,0:00-0:10+1,5.371999999999957
2025-03-17,2:00-2:10,5.620666666666693
2025-03-17,2:50-3:00,6.654263333333461
2025-03-17,3:50-4:20,58.961326666666764
2025-03-17,6:40-7:00,25.7994277046389
2025-03-17,7:20-7:30,9.308779329911829
2025-03-17,7:40-7:50,14.279949215373165
2025-03-17,8:10-8:30,26.799715606196628
2025-03-17,9:20-9:40,53.81810471550794
2025-03-17,10:20-11:10,277.75377363803375
2025-03-17,14:00-14:10,7.305039864051722
2025-03-17,15:20-15:30,5.3682865865471
2025-03-17,15:40-16:00,31.517279709678917
2025-03-17,16:20-16:50,45.937432582559495
2025-03-17,18:50-19:00,0.10257268062593994
2025-03-17,20:00-20:10,25.8541043569046
2025-03-17,20:20-20:40,63.88082960966392
2025-03-17,21:00-21:10,1.470000000000141
2025-03-17,21:50-22:00,3.3687463703880667
2025-03-17,23:40-23:50,7.787753333333285
2025-03-18,3:20-3:40,42.66271666666671
2025-03-18,4:00-4:10,15.538000000000011
2025-03-18,4:30-4:50,38.908896666666806
2025-03-18,8:20-8:50,29.43442801991432
2025-03-18,16:40-16:50,16.387027677214178
2025-03-18,18:40-19:00,3.3951759933031553
2025-03-18,19:10-19:30,23.795711439080833
2025-03-18,21:40-22:00,29.41754000000003
2025-03-18,23:00-23:20,37.056760000000054
2025-03-18,23:40-0:10+1,63.33121333333327
2025-03-19,0:10-0:20,1.0767933333333986
2025-03-19,0:50-1:00,5.532783333333327
2025-03-19,2:00-2:10,2.634999999999991
2025-03-19,2:40-2:50,5.669166666666683
2025-03-19,3:30-3:40,2.687999999999988
2025-03-19,4:10-4:30,17.901096666666717
2025-03-19,6:00-6:30,26.705675710329615
2025-03-19,7:00-7:10,13.712524892869624
2025-03-19,7:40-8:00,10.336235937419076
2025-03-19,9:20-9:50,48.97093729379803
2025-03-19,10:00-12:20,754.4909178059268
2025-03-19,15:30-15:40,5.242675083606457
2025-03-19,18:50-19:10,26.81620440560755
2025-03-19,21:30-21:50,43.465950000000134
2025-03-20,0:30-0:40,1.7000000000002728
2025-03-20,1:10-1:50,132.89721333333318
2025-03-20,3:20-4:10,83.66503
2025-03-20,5:20-5:30,0.9195799999999963
2025-03-20,6:50-7:10,20.940723197194984
2025-03-20,8:10-8:50,155.28357668879363
2025-03-20,9:00-9:30,97.56499299879877
2025-03-20,10:00-10:10,15.273609616604972
2025-03-20,11:20-12:00,68.52023064780064
2025-03-20,12:50-13:00,43.78604119165618
2025-03-20,13:20-13:30,2.662775824108266
2025-03-20,16:00-16:10,7.894101277389666
2025-03-20,18:50-19:10,44.79523672339383
2025-03-20,20:10-20:30,15.487386491088728
2025-03-20,21:20-21:50,25.737629999999967
2025-03-20,23:40-0:00+1,8.229263333333165
2025-03-21,0:40-0:50,25.248173333333455
2025-03-21,1:20-1:40,60.89128333333332
2025-03-21,2:20-3:00,81.84916333333314
2025-03-21,3:30-4:00,84.18664333333345
2025-03-21,4:30-4:40,12.275999999999954
2025-03-21,5:10-5:50,34.193719999999985
2025-03-21,7:30-7:50,39.506112692870445
2025-03-21,16:50-17:00,5.7670766666666395
2025-03-21,18:50-19:10,17.789551195386082
2025-03-21,21:40-22:00,7.423908796110311
2025-03-21,22:20-22:40,55.83764645380336
2025-03-22,1:40-2:00,29.12398333333323
2025-03-22,3:00-3:10,0.49433333333320206
2025-03-22,3:30-3:40,8.16700000000003
2025-03-22,4:10-4:20,23.317103333333364
2025-03-22,4:50-5:10,35.47068000000007
2025-03-22,5:40-6:00,44.532846666666615
2025-03-22,12:20-13:00,166.0951850322815
2025-03-22,13:30-13:50,41.9562798523454
2025-03-22,19:50-20:00,0.806184939318257
2025-03-22,22:30-22:40,6.173000000000002
2025-03-22,23:30-23:40,4.009333333333416
2025-03-23,0:40-1:00,7.694106666666812
2025-03-23,2:30-2:50,13.704893333333303
2025-03-23,3:30-3:50,28.99914666666666
2025-03-23,4:10-4:30,50.69491000000005
2025-03-23,5:00-5:40,84.40213000000017
2025-03-23,17:20-17:30,6.06335954779604
2025-03-23,18:40-19:00,15.68366495352518
2025-03-23,19:20-19:40,67.2334630756485
2025-03-23,20:00-20:10,15.740133213992863
2025-03-23,20:30-20:40,32.938378155889495
2025-03-23,22:00-22:10,6.212999999999965
2025-03-24,0:10-0:20,7.356506666666746
2025-03-24,0:50-1:00,6.8283466666666754
2025-03-24,3:40-3:50,16.99692333333337
2025-03-24,4:20-4:40,15.413473333333286
2025-03-24,5:10-5:30,59.04081333333329
2025-03-24,5:40-6:10,44.517616666666754
2025-03-24,12:30-12:40,10.89180182140251
2025-03-24,18:10-18:30,14.07953833333329
2025-03-24,19:20-19:30,3.3869181519661424
2025-03-24,21:30-21:40,15.95066666666662
2025-03-24,22:20-22:30,6.7498833333334005
2025-03-24,23:00-23:20,82.68595666666681
2025-03-24,23:40-0:10+1,65.8840366666667
2025-03-25,0:10-0:20,3.051890000000185
2025-03-25,0:50-1:10,54.87896666666654
2025-03-25,1:30-1:40,3.04300000000012
2025-03-25,2:00-2:20,21.97010666666654
2025-03-25,2:50-3:00,13.484770000000026
2025-03-25,3:10-3:20,24.77051000000006
2025-03-25,3:50-4:20,77.76043666666658
2025-03-25,5:30-6:10,85.79148000000009
2025-03-25,16:50-17:00,7.555354444444447
2025-03-25,19:30-19:50,14.247842783350961
2025-03-25,20:00-20:40,33.55769324841208
2025-03-25,21:10-21:40,59.085453383313734
2025-03-25,22:40-23:00,33.50062809262829
2025-03-25,23:20-23:40,58.90001357079234
2025-03-26,0:30-0:50,33.515306666666675
2025-03-26,1:10-1:30,16.778020000000083
2025-03-26,1:40-2:00,8.537179999999921
2025-03-26,2:30-2:40,1.7833333333334167
2025-03-26,3:50-4:10,34.35446333333323
2025-03-26,4:30-4:40,11.50733333333335
2025-03-26,5:20-6:00,59.20295444444446
2025-03-26,7:40-8:00,30.274090419726974
2025-03-26,8:50-9:00,9.72684439131848
2025-03-26,13:30-13:40,10.039459871799977
2025-03-26,19:30-19:50,11.137254200662483
2025-03-26,20:10-20:30,10.49730766756295
2025-03-26,22:20-22:40,42.98572138430768
2025-03-26,23:30-23:50,19.77534175540552
2025-03-27,0:50-1:00,6.421560000000227
2025-03-27,1:30-1:40,4.437333333333072
2025-03-27,2:10-2:50,127.73409666666646
2025-03-27,4:00-4:10,8.147333333333336
2025-03-27,4:30-4:50,31.881426666666584
2025-03-27,5:40-5:50,9.11976555555566
2025-03-27,8:00-8:20,86.28717669014992
2025-03-27,9:40-9:50,11.119728293513639
2025-03-27,10:10-10:20,29.432404189879378
2025-03-27,10:50-11:10,67.75070115714541
2025-03-27,13:30-13:50,29.1757804008923
2025-03-27,16:20-16:30,4.923543092480941
2025-03-27,17:00-17:10,0.2995133333334934
2025-03-27,21:40-22:00,33.837027358546266
2025-03-27,22:40-23:30,69.02359981091922
2025-03-28,1:10-1:30,22.008336666666594
2025-03-28,1:50-2:10,12.144709999999918
2025-03-28,3:10-3:30,41.91131999999999
2025-03-28,4:10-4:20,1.2216700000000742
2025-03-28,5:30-5:40,10.995996666666656
2025-03-28,7:40-8:00,30.66819265122772
2025-03-28,18:00-18:20,5.750688856745967
2025-03-28,19:20-19:30,6.00031469153862
2025-03-28,21:10-21:30,53.205803297188424
2025-03-28,23:50-0:10+1,19.27342828930398
2025-03-29,0:10-0:20,4.410816666666676
2025-03-29,1:10-1:40,49.19083666666654
2025-03-29,2:10-2:30,39.00192666666669
2025-03-29,3:40-3:50,2.5465399999999363
2025-03-29,16:10-16:50,53.89209980364982
2025-03-29,18:10-18:30,18.778278295754887
2025-03-29,19:30-19:40,8.523553951726058
2025-03-29,20:00-20:20,29.839545443943052
2025-03-30,0:10-0:30,16.905396666666547
2025-03-30,1:50-2:20,57.556976666666515
2025-03-30,3:00-3:20,5.857056666666381
2025-03-30,3:40-4:10,52.12870333333353
2025-03-30,5:10-5:50,46.588607777777725
2025-03-30,7:10-7:30,27.286175479668145
2025-03-30,10:00-10:30,88.30318290610523
2025-03-30,13:10-13:20,1.4555517132767477
2025-03-30,14:10-14:30,84.5032097617413
2025-03-30,14:50-15:00,12.551228112940898
2025-03-30,17:00-17:10,10.7464802410625
2025-03-30,18:10-18:40,79.85260918481595
2025-03-30,19:10-19:20,3.1100513221297206
2025-03-30,21:20-21:30,7.816040000000044
2025-03-30,22:20-22:30,9.453960266765193
2025-03-30,23:30-23:40,16.578333333333376
2025-03-31,0:30-1:10,61.417273333333014
2025-03-31,4:50-5:10,35.478746666666666
2025-03-31,5:30-6:00,32.394884444444415
2025-03-31,7:30-7:40,22.84351012461019
2025-03-31,10:30-10:50,13.991318995733792
2025-03-31,11:20-11:30,7.433211275202325
2025-03-31,12:20-12:30,4.931689905179667
2025-03-31,13:00-13:20,40.82413239527129
2025-03-31,14:40-15:00,84.45533727968701
2025-03-31,15:10-15:30,71.44632105742738
2025-03-31,15:40-16:00,75.95651189480049
2025-03-31,16:30-17:10,78.03814259556418
2025-03-31,19:30-19:40,4.3991743580085085
2025-03-31,20:10-20:30,9.236086669424594
2025-03-31,21:00-21:10,13.167999999999893
2025-03-31,21:30-21:50,8.93035000000009
2025-03-31,23:30-23:40,23.88799999999992
2025-04-01,0:40-1:00,11.261079999999993
2025-04-01,1:20-1:40,50.316979999999944
2025-04-01,2:30-3:10,61.56191999999976
2025-04-01,3:30-3:50,52.462549999999965
2025-04-01,4:30-5:20,93.08979055555574
2025-04-01,5:30-6:00,40.82865333333325
2025-04-01,15:20-15:40,46.931635077255464
2025-04-01,17:50-18:20,42.872185047080166
2025-04-01,19:10-19:20,0.06714808951232953
2025-04-01,20:10-20:30,18.63428062132209
2025-04-01,20:50-21:00,22.73779333333323
2025-04-01,21:40-22:00,61.181630000000155
2025-04-02,0:10-0:30,41.312986666666575
2025-04-02,1:30-1:40,3.8456666666666024
2025-04-02,2:10-2:20,5.641823333333264
2025-04-02,2:40-3:00,44.584393333333196
2025-04-02,3:20-3:30,5.437843333333376
2025-04-02,4:10-4:20,6.988136666666719
2025-04-02,4:50-5:40,84.05679388888916
2025-04-02,7:20-7:30,2.5469234894140413
2025-04-02,16:00-16:20,28.912674961402956
2025-04-02,18:10-18:50,104.67687543209729
2025-04-02,19:40-20:00,8.092154028155392
2025-04-02,20:30-20:50,51.38187833733764
2025-04-02,22:00-22:10,5.608999999999924
2025-04-02,23:10-23:30,48.45792000000006
2025-04-03,0:20-0:40,26.882186666666712
2025-04-03,1:00-1:10,1.1843333333333703
2025-04-03,3:10-3:30,31.024413333333314
2025-04-03,4:20-4:30,6.190573333333305
2025-04-03,5:20-5:40,75.66848333333337
2025-04-03,6:00-6:10,8.57399666666663
2025-04-03,7:00-7:10,23.874979516519886
2025-04-03,18:20-18:50,30.750429444444535
2025-04-03,19:20-19:30,5.720230529029891
2025-04-03,20:30-20:40,14.960190350137736
2025-04-03,23:40-0:00+1,78.58832349591125
2025-04-04,0:20-0:40,41.95248666666663
2025-04-04,1:30-1:40,11.26833333333343
2025-04-04,3:40-4:10,38.975376666666705
2025-04-04,4:40-5:00,21.812350000000094
2025-04-04,5:10-5:30,6.640654444444465
2025-04-04,6:50-7:10,52.37937340886515
2025-04-04,17:10-17:30,17.229131087066648
2025-04-04,18:20-19:10,76.17056344668043
2025-04-04,20:00-20:20,36.76702523497113
2025-04-04,20:50-21:10,53.410554783228974
2025-04-04,22:00-22:10,13.324433849522848
2025-04-04,23:00-23:10,10.843666666666877
2025-04-05,0:30-0:50,19.57430999999974
2025-04-05,1:20-1:30,5.898719999999969
2025-04-05,1:40-1:50,9.78457666666668
2025-04-05,2:20-2:40,5.809519999999907
2025-04-05,3:50-4:10,51.702229999999986
2025-04-05,5:30-6:00,55.83512888888896
2025-04-05,13:00-14:10,284.10689157852255
2025-04-05,14:20-16:00,477.97580557676105
2025-04-05,16:30-16:40,8.607517571958596
2025-04-05,17:20-18:20,78.20403849186113
2025-04-05,18:40-18:50,7.014236318399355
2025-04-05,19:40-20:00,38.9515088970702
2025-04-05,20:50-21:00,10.615251792690856
2025-04-05,21:50-22:00,0.5605033333333154
2025-04-05,23:10-23:40,41.15477000000004
2025-04-06,1:10-1:40,16.428459999999745
2025-04-06,2:40-3:00,18.653449999999907
2025-04-06,3:20-3:30,12.246036666666669
2025-04-06,4:30-4:50,41.73665666666648
2025-04-06,5:00-5:10,13.984333333333211
2025-04-06,5:50-6:00,6.637922222222187
2025-04-06,17:30-17:40,5.063265867493442
2025-04-06,18:00-18:20,2.197764358573181
2025-04-06,19:00-19:10,52.22790239743233
2025-04-06,19:30-20:00,18.001233563276514
2025-04-06,20:10-20:40,19.714651638608757
2025-04-06,21:00-21:10,35.125
2025-04-06,21:40-22:00,30.423016666666626
2025-04-07,1:10-1:30,41.808776666666745
2025-04-07,2:50-3:10,13.66146666666657
2025-04-07,3:40-4:00,10.251950000000079
2025-04-07,4:10-4:40,84.15967333333333
2025-04-07,5:10-5:30,30.442279444444353
2025-04-07,7:00-7:20,14.684043588900693
2025-04-07,9:10-9:20,37.80221945404593
2025-04-07,16:10-16:40,31.920267712922225
2025-04-07,18:10-19:00,77.8328497879271
2025-04-07,21:10-21:20,27.01874633123657
2025-04-07,21:50-22:00,17.563156666666714
2025-04-07,22:20-22:40,24.758649593478708
2025-04-07,23:00-23:30,44.29735368946865
2025-04-08,1:50-2:00,0.23586333333332732
2025-04-08,6:30-6:40,49.73135229497825
2025-04-08,7:20-7:50,48.03723521203162
2025-04-08,13:00-13:10,1.1485186075975662
2025-04-08,14:10-14:30,45.954851337970126
2025-04-08,15:20-15:50,46.54503388746079
2025-04-08,16:50-17:00,6.8885127777776916
2025-04-08,17:20-17:40,13.680769255034647
2025-04-08,18:10-19:00,140.61322376251712
2025-04-08,20:00-20:10,30.96691147921365
2025-04-08,21:10-21:30,47.308443333333116
2025-04-08,22:20-23:00,39.76145000000008
2025-04-08,23:10-23:20,1.3688866666665263
2025-04-08,23:50-0:00+1,4.169873333333385
2025-04-09,1:30-1:40,7.339999999999918
2025-04-09,3:00-3:10,6.065000000000055
2025-04-09,6:50-7:20,70.99589615447712
2025-04-09,8:00-8:10,23.450336226233276
2025-04-09,9:10-9:30,40.52720856418064
2025-04-09,11:30-12:00,89.04573976321853
2025-04-09,13:00-13:10,9.509310062160921
2025-04-09,15:40-15:50,4.746988439318727
2025-04-09,17:00-17:30,66.24155992113026
2025-04-09,18:10-18:40,45.000146666666524
2025-04-09,19:00-19:30,9.151318199901766
2025-04-09,20:10-20:20,3.680003970684993
2025-04-09,20:50-21:00,9.696776666666892
2025-04-09,22:00-22:10,22.145333333333383
2025-04-09,22:30-23:00,95.0789933333333
2025-04-09,23:30-23:40,2.048999999999978
2025-04-10,0:50-1:00,8.655409999999847
2025-04-10,1:40-1:50,1.8300199999999904
2025-04-10,3:40-3:50,15.839356666666617
2025-04-10,4:50-5:10,8.599583333333157
2025-04-10,6:40-6:50,12.608086790540938
2025-04-10,7:10-7:40,99.08402522676107
2025-04-10,9:00-9:10,1.1955401448707335
2025-04-10,9:30-9:50,30.483863790135814
2025-04-10,16:10-16:40,95.0422565915614
2025-04-10,18:10-18:30,42.15080666666688
2025-04-10,18:40-18:50,7.748607777777579
2025-04-10,19:20-19:30,13.294208435731093
2025-04-10,20:10-20:20,2.872818503891608
2025-04-10,20:50-21:00,17.78523333333328
2025-04-10,21:40-22:10,49.115038171087576
2025-04-10,22:30-22:40,10.549999999999727
2025-04-11,1:10-1:40,55.67796333333331
2025-04-11,3:10-3:40,37.48535000000004
2025-04-11,5:10-6:30,167.82038393453803
2025-04-11,16:20-17:10,159.96223913370136
2025-04-11,17:30-17:40,7.535829999999947
2025-04-11,18:00-18:20,58.94705006182113
2025-04-11,18:40-19:10,68.74096959287539
2025-04-11,19:30-19:50,57.47337919664426
2025-04-11,21:20-21:30,3.0618333333332544
2025-04-11,22:10-22:50,64.09321333333327
2025-04-11,23:10-23:30,30.84792280498573
2025-04-12,0:50-1:00,15.591746666666666
2025-04-12,2:50-3:00,4.3914466666666385
2025-04-12,3:40-3:50,7.010993333333261
2025-04-12,5:20-5:40,42.09183444444443
2025-04-12,5:50-6:00,1.654367777777793
2025-04-12,7:20-7:30,14.160914736095066
2025-04-12,16:10-16:30,8.463885427396692
2025-04-12,16:40-17:00,3.935208399979075
2025-04-12,18:00-18:10,15.378703528075846
2025-04-12,18:40-18:50,1.7413506342621758
2025-04-12,20:20-20:30,4.723671355283784
2025-04-12,21:30-21:40,1.3116666666666674
2025-04-12,22:50-23:00,7.938976666666576
2025-04-12,0:00-0:10+1,0.06733333333340852
2025-04-13,0:20-0:40,9.2989299999997
2025-04-13,1:00-1:10,2.4886666666666315
2025-04-13,2:30-2:40,35.21433333333346
2025-04-13,5:10-5:30,27.4115522222221
2025-04-13,15:00-15:20,61.18964098572515
2025-04-13,15:40-16:00,41.24451876032484
2025-04-13,16:10-16:30,30.254310552488164
2025-04-13,16:40-17:00,40.67183380058361
2025-04-13,17:10-17:20,3.878517487553836
2025-04-13,17:40-18:00,41.20049821840189
2025-04-13,18:30-18:50,49.137366509990784
2025-04-13,19:20-19:30,32.413096112153085
2025-04-13,20:40-21:00,37.70186857630836
2025-04-13,21:10-21:30,38.295132543037425
2025-04-13,22:00-22:10,16.8420000000001
2025-04-13,22:50-23:10,16.89501999999993
2025-04-14,0:40-1:00,71.18034000000011
2025-04-14,2:10-2:30,32.17784000000006
2025-04-14,4:50-5:10,29.458883333333347
2025-04-14,5:40-6:10,63.28362000000004
2025-04-14,12:10-12:30,91.7961734628621
2025-04-14,13:00-13:10,53.543440569724
2025-04-14,13:50-14:00,33.632543722856326
2025-04-14,14:10-14:30,59.30528666859787
2025-04-14,16:00-16:20,34.79730913355297
2025-04-14,17:00-17:20,32.62071737421479
2025-04-14,18:40-19:00,71.5296739632372
2025-04-14,19:10-19:30,31.38874218044066
2025-04-14,19:50-20:00,18.74842606768823
2025-04-14,20:30-21:00,71.18903510070027
2025-04-14,21:30-21:40,22.829486127134373
2025-04-14,23:50-0:00+1,4.569359999999961
2025-04-15,2:30-2:40,3.3460000000000036
2025-04-15,3:00-3:20,4.7674633333332395
2025-04-15,5:30-5:50,49.37218777777764
2025-04-15,6:50-7:00,5.339789177654154
2025-04-15,7:50-8:00,13.829024649566179
2025-04-15,15:10-16:30,260.5097219730403
2025-04-15,17:00-17:20,67.25651492717623
2025-04-15,17:40-18:00,18.198297195934742
2025-04-15,18:20-18:50,13.166059696547904
2025-04-15,19:10-19:30,38.265769240797795
2025-04-15,19:40-20:00,22.75810535595167
2025-04-15,21:50-22:00,35.024349830934625
2025-04-16,0:50-1:10,49.60789666666665
2025-04-16,1:40-2:10,39.75351333333356
2025-04-16,2:20-2:30,1.5987866666666832
2025-04-16,4:00-4:10,0.1256666666665751
2025-04-16,5:10-5:40,54.608180555555464
2025-04-16,6:00-6:10,9.18206333333319
2025-04-16,7:10-7:20,19.971103548771282
2025-04-16,7:40-7:50,15.91574506163056
2025-04-16,9:40-9:50,2.8872480891357313
2025-04-16,15:00-15:30,61.06704880080754
2025-04-16,18:40-19:10,78.3071139072888
2025-04-16,21:10-21:30,23.625646666666626
2025-04-16,21:40-21:50,15.971239999999966
2025-04-16,23:00-23:10,26.61566666666681
2025-04-17,1:10-1:20,9.384013333333314
2025-04-17,3:00-3:10,15.291333333333341
2025-04-17,4:00-4:10,25.653999999999996
2025-04-17,5:30-6:00,65.92456222222211
2025-04-17,7:10-7:30,13.44436704431746
2025-04-17,7:40-7:50,5.235087211333337
2025-04-17,8:20-8:40,24.20762026430947
2025-04-17,11:00-11:10,9.819237545078835
2025-04-17,13:10-13:30,37.69577396314125
2025-04-17,18:30-18:40,1.9776100000001406
2025-04-17,19:00-19:10,5.667083300844297
2025-04-17,20:30-20:40,15.6243446334679
2025-04-17,21:30-21:40,9.922621712798218
2025-04-17,22:50-23:10,31.575686108769446
2025-04-18,1:50-3:10,174.05721333333332
2025-04-18,13:00-13:10,10.564862979920463
2025-04-18,14:40-14:50,7.778072293687728
2025-04-18,15:00-15:30,125.31700942984511
2025-04-18,15:40-16:00,72.01217901325725
2025-04-18,18:20-18:50,117.237835083037
2025-04-18,20:50-21:00,1.1206619313748547
2025-04-18,21:50-22:00,22.806270833075644
2025-04-19,0:10-0:30,29.726609999999994
2025-04-19,2:00-2:30,86.54731999999996
2025-04-19,4:10-4:30,37.00020666666654
2025-04-19,5:30-5:50,23.482637777777825
2025-04-19,17:30-17:40,15.056557173869493
2025-04-19,18:20-18:40,38.38026574573132
2025-04-19,19:00-19:30,71.96373484637519
2025-04-19,21:00-21:10,1.2186351425334578
2025-04-19,22:10-22:40,55.828891534431136
2025-04-19,23:50-0:00+1,1.7975758287941517
2025-04-20,0:40-0:50,6.676426666666657
2025-04-20,1:20-1:30,1.9209466666665094
2025-04-20,2:20-2:30,7.3494199999998955
2025-04-20,3:00-3:10,14.070666666666625
2025-04-20,3:50-4:30,72.38874333333342
2025-04-20,4:50-5:10,36.66816333333327
2025-04-20,5:30-5:50,102.49193666666667
2025-04-20,6:30-6:40,8.66587998124453
2025-04-20,7:40-8:00,90.4630324403966
2025-04-20,8:40-8:50,37.489332681258816
2025-04-20,12:20-12:30,15.606806585164406
2025-04-20,14:30-14:40,2.0062500000000605
2025-04-20,18:20-18:40,21.638332777777578
2025-04-20,21:30-21:40,4.694000000000074
2025-04-20,22:10-22:30,5.971046666666666
2025-04-20,23:10-23:30,29.731233333333307
2025-04-20,0:00-0:10+1,40.023000000000025
2025-04-21,0:10-0:20,14.443459999999959
2025-04-21,1:00-1:10,9.621333333333382
2025-04-21,1:30-1:40,8.711666666666588
2025-04-21,3:20-3:40,63.74808666666661
2025-04-21,4:20-4:30,15.433019999999942
2025-04-21,5:20-5:50,121.53279944444432
2025-04-21,6:20-6:40,34.511408069157596
2025-04-21,8:10-9:00,209.93954274471878
2025-04-21,10:30-10:40,18.964223455417624
2025-04-21,11:10-11:40,276.5903209523165
2025-04-21,18:10-18:20,29.22754611111111
2025-04-21,19:00-19:10,0.18073978077234187
2025-04-21,20:20-20:30,20.686108315767
2025-04-21,21:10-21:30,8.005703333333486
2025-04-21,22:40-23:00,86.70571333333305
2025-04-22,0:40-1:10,43.84701000000007
2025-04-22,2:10-2:20,9.577369999999974
2025-04-22,2:50-3:00,17.342353333333335
2025-04-22,3:30-4:00,77.56470333333345
2025-04-22,4:20-4:40,61.35623666666652
2025-04-22,5:00-5:20,70.8228366666666
2025-04-22,7:10-7:20,0.7280008476981266
2025-04-22,12:10-13:00,161.08647318937352
2025-04-22,13:40-13:50,24.652875409588916
2025-04-22,14:30-15:00,113.54166443628131
2025-04-22,15:30-15:40,25.456147454094264
2025-04-22,16:40-16:50,5.473359243195318
2025-04-22,18:30-18:50,65.10520094806645
2025-04-22,21:30-21:50,53.30604167899469
2025-04-22,22:10-22:50,18.752696666666793
2025-04-22,23:10-23:30,21.37482666666665
2025-04-22,23:50-0:10+1,57.86378666666667
2025-04-23,0:10-0:40,49.891163333333225
2025-04-23,1:10-1:20,1.6342133333333777
2025-04-23,3:40-3:50,6.626260000000002
2025-04-23,4:20-4:30,21.69880999999998
2025-04-23,5:10-6:00,128.20408055555538
2025-04-23,7:20-7:40,68.3867773559337
2025-04-23,8:00-8:10,4.6036730697117605
2025-04-23,8:40-8:50,13.208729114717698
2025-04-23,11:20-11:50,118.18402675328377
2025-04-23,12:00-12:20,5.691387442250743
2025-04-23,16:00-16:10,0.10909548597209096
2025-04-23,17:20-17:30,4.942707691670307
2025-04-23,17:40-18:00,24.756722252339387
2025-04-23,18:30-18:40,51.66600833333325
2025-04-23,20:00-20:30,50.12184285242188
2025-04-24,0:10-0:20,5.0886266666666415
2025-04-24,0:40-0:50,0.3808733333332839
2025-04-24,2:00-2:10,10.194999999999936
2025-04-24,4:20-4:30,2.445033333333299
2025-04-24,5:30-5:40,24.097626666666542
2025-04-24,11:10-12:10,185.36069136760005
2025-04-24,17:50-18:00,16.764482167638675
2025-04-24,18:20-19:00,78.21994152153229
2025-04-24,21:40-21:50,14.71513656878119
2025-04-24,23:30-23:40,4.743666666666741
2025-04-24,0:00-0:10+1,5.831358309104871
2025-04-25,0:40-1:00,17.01331333333343
2025-04-25,1:30-1:40,7.230000000000018
2025-04-25,4:20-4:30,5.2903133333333585
2025-04-25,5:30-5:40,20.20637499999998
2025-04-25,6:40-7:00,17.994629352048634
2025-04-25,17:50-18:00,16.701414099701424
2025-04-25,18:50-19:00,24.05196818006965
2025-04-25,20:20-20:30,8.291732437755172
2025-04-25,21:00-21:10,2.4388746997175303
2025-04-25,21:30-21:40,13.024628890942779
2025-04-25,22:10-22:20,6.431960000000117
2025-04-25,22:40-23:00,43.067879579578175
2025-04-25,23:30-0:00+1,78.03597609342216
2025-04-26,0:40-1:00,16.752113333333398
2025-04-26,1:10-1:30,27.14618333333334
2025-04-26,2:40-3:00,12.164843333333351
2025-04-26,3:20-3:30,0.317450000000008
2025-04-26,4:30-4:40,48.44666666666666
2025-04-26,5:10-5:20,31.439316666666684
2025-04-26,5:50-6:20,48.821480511744255
2025-04-26,17:10-17:20,11.101145305726547
2025-04-26,18:30-19:00,94.03939326164982
2025-04-26,19:40-20:00,4.761274733175071
2025-04-26,21:00-21:10,20.433821230126455
2025-04-26,22:30-23:00,42.25851505464652
2025-04-26,23:30-23:50,20.006264468636402
2025-04-27,0:30-0:50,47.7960466666666
2025-04-27,3:40-4:00,30.78862333333325
2025-04-27,8:10-8:30,88.42289300052516
2025-04-27,13:10-13:20,1.2256299033369942
2025-04-27,13:40-13:50,5.945711455710409
2025-04-27,14:50-15:50,145.21789961904452
2025-04-27,16:10-17:40,344.58944485494374
2025-04-27,18:00-18:20,44.30622700270965
2025-04-27,18:40-19:00,48.06917911042683
2025-04-27,19:40-20:00,18.400908661048447
2025-04-27,20:10-20:30,14.136625982846226
2025-04-27,21:10-21:30,36.71667999999988
2025-04-28,1:10-1:20,23.706696666666744
2025-04-28,1:50-2:10,108.92791999999997
2025-04-28,3:00-3:10,2.1283333333333303
2025-04-28,4:00-4:10,1.3186666666666724
2025-04-28,7:00-7:20,5.943314667343202
2025-04-28,8:30-8:40,32.529338850904765
2025-04-28,9:20-9:40,26.516077153721668
2025-04-28,17:40-18:00,18.582664764691458
2025-04-28,18:30-18:40,23.845456666666678
2025-04-28,19:50-20:00,8.9163843331512
2025-04-28,20:50-21:10,35.1857
2025-04-28,23:30-23:40,11.32100000000014
2025-04-28,0:00-0:10+1,10.521333333333246
2025-04-29,4:00-4:10,0.39333333333331666
2025-04-29,4:40-4:50,12.705596666666679
2025-04-29,8:40-8:50,1.6439622792158843
2025-04-29,15:40-16:00,83.60262980396124
2025-04-29,16:20-16:50,86.47062284477227
2025-04-29,18:10-18:30,18.424496570558176
2025-04-29,19:20-19:40,20.88126479195205
2025-04-29,20:20-20:50,67.41117424816412
2025-04-29,23:40-23:50,11.012110538290244
2025-04-30,1:20-1:40,4.316259999999829
2025-04-30,2:30-3:00,90.61610333333329
2025-04-30,4:40-4:50,7.546446666666725
2025-04-30,6:10-6:20,15.114713817832467
2025-04-30,6:50-7:00,0.00860820272117735
2025-04-30,7:10-7:20,17.769105090093376
2025-04-30,7:40-8:00,39.642635959514365
2025-04-30,9:00-9:10,23.490613683412363
2025-04-30,10:10-11:20,462.1017793665453
2025-04-30,11:40-12:30,158.8251850841072
2025-04-30,12:50-13:00,23.6985072077764
2025-04-30,15:40-16:00,17.0770646832531
2025-04-30,19:20-19:50,51.29082996811428
2025-04-30,20:50-21:20,62.01416333333316
2025-04-30,22:10-22:30,21.60351666666668
2025-04-30,23:40-0:10+1,71.5849300000001
2025-05-01,0:30-0:40,13.868999999999915
2025-05-01,3:20-3:30,29.139729999999986
2025-05-01,3:50-4:20,40.41272666666657
2025-05-01,4:30-4:50,68.23898000000008
2025-05-01,5:10-5:30,27.46254277777757
2025-05-01,13:30-13:40,32.87380826762558
2025-05-01,17:20-19:00,439.109115203697
2025-05-01,19:10-21:40,865.9510495111672
2025-05-01,21:50-0:00+1,605.6004566666669
2025-05-02,0:10-0:30,17.012086666666676
2025-05-02,1:40-2:00,31.709220000000016
2025-05-02,3:00-3:10,4.399000000000058
2025-05-02,3:50-4:00,3.268509999999992
2025-05-02,4:30-4:50,36.44068333333337
2025-05-02,5:10-5:30,31.854765000000214
2025-05-02,16:40-17:00,71.83819373030832
2025-05-02,18:00-18:40,150.4708458551516
2025-05-02,19:10-20:10,198.3818613208316
2025-05-02,20:30-22:50,659.1769201889535
2025-05-02,23:10-23:30,46.637456666666765
2025-05-02,23:50-0:10+1,79.50382063226209
2025-05-03,0:10-0:20,2.4818500000000085
2025-05-03,1:20-1:50,93.35648666666674
2025-05-03,3:50-4:20,60.987903333333236
2025-05-03,4:50-5:00,9.780900000000088
2025-05-03,5:30-5:40,18.985203333333402
2025-05-03,16:10-16:30,18.455953038522306
2025-05-03,17:00-17:10,3.304113333333362
2025-05-03,17:20-17:40,50.24814111111107
2025-05-03,18:00-18:40,124.2183877704689
2025-05-03,19:00-20:50,530.1051050590809
2025-05-03,21:00-22:40,478.0395399999999
2025-05-03,23:10-23:40,67.79853748530797
2025-05-03,0:00-0:10+1,11.144645434292215
2025-05-04,0:10-0:30,41.58853000000022
2025-05-04,1:00-1:20,24.60480000000007
2025-05-04,1:30-2:10,59.34507666666684
2025-05-04,3:10-3:30,61.52118999999993
2025-05-04,4:10-4:30,29.14554000000021
2025-05-04,5:10-5:30,51.7161772222222
2025-05-04,5:40-6:00,35.314986666666755
2025-05-04,6:50-7:00,33.39742673805165
2025-05-04,8:40-9:00,21.49429605580476
2025-05-04,9:20-9:40,9.124272321467842
2025-05-04,11:00-12:10,428.0962934093431
2025-05-04,14:00-14:10,24.63031625378713
2025-05-04,15:00-15:10,3.3170790965119092
2025-05-04,16:00-16:50,113.70051660806138
2025-05-04,17:40-18:10,84.58396135859266
2025-05-04,18:20-18:30,3.036433333333548
2025-05-04,18:40-22:30,1195.26940635598
2025-05-04,22:40-23:00,60.68026999999995
2025-05-04,23:20-0:00+1,82.10882288102562
2025-05-05,0:10-0:40,81.38782333333324
2025-05-05,2:10-2:30,101.10979666666663
2025-05-05,3:50-4:00,2.4532100000000128
2025-05-05,4:50-5:10,52.4264666666669
2025-05-05,5:30-5:40,19.777855000000045
2025-05-05,10:20-10:30,0.9491195081055537
2025-05-05,13:40-14:00,25.3678221429261
2025-05-05,15:00-15:10,3.2610575731432547
2025-05-05,15:30-15:40,26.172838750474952
2025-05-05,16:20-17:00,128.58514679040678
2025-05-05,17:10-18:00,154.2173731972007
2025-05-05,18:20-18:30,54.69455222222223
2025-05-05,18:40-20:40,525.8551533532135
2025-05-05,21:10-21:40,123.34632666666664
2025-05-05,22:10-23:00,129.18337333333307
2025-05-05,23:10-0:00+1,183.20389666666654
2025-05-06,0:40-1:10,93.8629699999999
2025-05-06,2:20-2:50,32.32743333333315
2025-05-06,3:10-3:40,68.0420366666666
2025-05-06,4:10-4:50,112.64805333333345
2025-05-06,5:10-5:30,33.95344777777768
2025-05-06,8:30-8:40,59.53369063729542
2025-05-06,9:40-10:00,71.9649504473487
2025-05-06,11:00-11:10,2.841728791039202
2025-05-06,11:40-11:50,12.908542443939666
2025-05-06,16:40-18:10,400.82035134810155
2025-05-06,18:20-19:40,342.8995285357909
2025-05-06,19:50-20:20,89.16353060344159
2025-05-06,20:40-23:40,847.5384948370763
2025-05-06,0:00-0:10+1,37.277727253814646
2025-05-07,0:30-1:10,138.9653666666669
2025-05-07,3:00-3:30,33.695286666666675
2025-05-07,4:10-4:30,46.185413333333145
2025-05-07,5:10-5:30,47.67097666666655
2025-05-07,10:00-10:10,26.55805859376963
2025-05-07,10:30-10:40,20.367616054123857
2025-05-07,11:10-11:30,28.957610729681562
2025-05-07,16:30-16:50,56.9216602517605
2025-05-07,17:10-18:30,333.09389687655755
2025-05-07,18:40-21:00,483.8252286767634
2025-05-07,21:20-22:20,229.8938199999999
2025-05-07,22:30-23:30,165.5361366666674
2025-05-08,0:20-0:40,37.45884666666666
2025-05-08,1:30-1:40,6.822999999999865
2025-05-08,2:40-3:00,8.866513333333273
2025-05-08,5:00-5:20,109.13802111111102
2025-05-08,15:50-16:20,66.7324175821417
2025-05-08,17:10-17:20,7.890606305614256
2025-05-08,17:50-18:00,44.82270662021301
2025-05-08,20:10-20:30,180.53953374043488
2025-05-08,21:40-22:10,25.33998065080641
2025-05-08,23:50-0:00+1,13.686413333333462
2025-05-09,0:40-1:20,113.68121999999983
2025-05-09,2:30-3:00,27.31531000000001
2025-05-09,3:10-3:30,11.568043333333264
2025-05-09,14:00-14:30,50.61643617689754
2025-05-09,14:50-15:10,13.724192385384299
2025-05-09,17:00-17:20,72.60147250374878
2025-05-09,20:00-20:20,8.795979923959408
2025-05-09,21:30-21:40,24.687666666666587
2025-05-10,2:30-2:50,15.08000666666669
2025-05-10,3:00-3:30,48.551976666666576
2025-05-10,4:10-4:20,9.944083333333424
2025-05-10,4:50-5:00,0.8648499999999899
2025-05-10,5:30-5:40,4.307808333333412
2025-05-10,13:40-13:50,9.739344614865388
2025-05-10,15:40-15:50,6.839535429238339
2025-05-10,16:20-16:30,16.39620301051936
2025-05-10,16:40-17:00,80.32176179836097
2025-05-10,18:40-19:00,27.085281788169482
2025-05-10,20:50-21:10,41.75603999999987
2025-05-10,23:00-23:20,26.61268000000007
2025-05-11,1:30-1:50,32.56777666666653
2025-05-11,2:10-2:50,79.75936666666655
2025-05-11,3:50-4:10,29.989769999999908
2025-05-11,4:30-5:10,74.22550666666677
2025-05-11,6:00-6:10,1.1320733333334374
2025-05-11,8:10-8:20,0.8071390291545981
2025-05-11,12:10-12:20,35.274102303667576
2025-05-11,17:10-17:30,18.682790649158505
2025-05-11,18:30-18:50,29.393469336684348
2025-05-11,19:20-19:40,75.04382381527876
2025-05-11,20:30-20:40,8.277976072912566
2025-05-11,22:30-22:40,13.025000000000091
2025-05-11,23:30-23:40,2.845514063610608
2025-05-11,0:00-0:10+1,5.535666666666543
2025-05-12,1:10-1:30,44.19154999999989
2025-05-12,1:40-2:00,63.83165999999994
2025-05-12,3:00-3:30,84.20850999999993
2025-05-12,4:20-4:30,1.7688200000000052
2025-05-12,6:10-7:00,67.72814981090045
2025-05-12,11:10-11:20,8.471342902759886
2025-05-12,12:40-13:00,23.595188469009003
2025-05-12,17:00-17:30,45.714169913452906
2025-05-12,18:00-18:10,48.40111154102203
2025-05-12,19:20-19:30,11.284619993239176
2025-05-13,5:50-6:10,63.06611222222216
2025-05-13,7:10-7:30,53.32020898303
2025-05-13,8:20-8:40,48.38885155863426
2025-05-13,8:50-11:00,480.5252852885039
2025-05-13,16:10-16:40,21.75789166522344
2025-05-13,19:00-19:20,6.250747363786559
2025-05-13,19:50-20:00,15.341265618417424
2025-05-13,21:10-21:20,2.551349999999843
2025-05-14,3:30-4:10,75.01508666666666
2025-05-14,4:50-5:10,30.480866666666657
2025-05-14,6:10-6:20,7.074131097732902
2025-05-14,6:30-7:00,35.879978482391664
2025-05-14,7:30-7:40,1.9326403467022715
2025-05-14,13:20-14:10,118.27475850332382
2025-05-14,23:40-0:00+1,8.404779930231598
2025-05-15,1:50-2:10,37.34354666666661
2025-05-15,2:50-3:10,2.9738833333332195
2025-05-15,4:30-5:00,66.53921999999977
2025-05-15,7:10-8:00,82.5094115767036
2025-05-15,8:40-8:50,7.428288600455886
2025-05-15,9:40-10:00,24.67900560792782
2025-05-15,14:30-14:40,1.5722590225375601
2025-05-15,16:30-16:50,45.09954879493546
2025-05-15,17:30-17:40,22.07621777372549
2025-05-16,0:30-0:40,30.60266666666672
2025-05-16,1:30-1:50,8.615610000000004
2025-05-16,2:10-2:20,2.637463333333301
2025-05-16,4:50-5:30,52.02847055555543
2025-05-16,7:10-7:20,29.112099999999977
2025-05-16,13:00-13:30,70.22301303554389
2025-05-16,15:30-15:40,7.715489440271767
2025-05-16,20:20-20:30,5.848253297922724
2025-05-16,21:20-21:30,27.200663333333296
2025-05-16,23:00-23:20,26.60497333333325
2025-05-16,23:40-0:10+1,161.42581510709385
2025-05-17,0:10-0:30,29.120463333333362
2025-05-17,1:40-1:50,36.85625333333331
2025-05-17,2:10-2:30,32.21409
2025-05-17,3:30-4:00,114.88925666666665
2025-05-17,5:10-5:20,15.939419444444468
2025-05-17,13:10-13:20,12.335978488732394
2025-05-17,17:00-17:20,28.128825726621187
2025-05-17,18:40-18:50,4.6706573088915775
2025-05-17,20:30-20:40,12.00518795457333
2025-05-17,23:40-0:00+1,25.11648589471963
2025-05-18,0:40-0:50,0.19566000000008898
2025-05-18,1:40-2:00,21.837583333333328
2025-05-18,2:30-2:40,11.304333333333261
2025-05-18,3:00-3:20,35.84213666666653
2025-05-18,3:40-4:00,28.697533333333354
2025-05-18,5:50-6:10,21.269309999999905
2025-05-18,8:40-8:50,15.288546667033415
2025-05-18,22:10-22:30,28.60853564824106
2025-05-19,2:00-2:10,5.402999999999793
2025-05-19,3:30-3:50,5.666400000000067
2025-05-19,16:00-16:10,1.1143147377740092
2025-05-19,18:00-18:10,0.5183255264962554
2025-05-19,20:20-20:50,146.57896088911542
2025-05-19,21:30-21:40,43.56766666666658
2025-05-19,23:20-23:30,5.519373333333306
2025-05-19,0:00-0:10+1,10.32566666666662
2025-05-20,0:10-0:20,14.664983333333339
2025-05-20,2:20-2:30,0.8057200000000648
2025-05-20,4:00-4:10,7.516999999999939
2025-05-20,7:30-7:40,20.433335491168236
2025-05-20,8:50-9:00,2.4350623793121144
2025-05-20,12:40-12:50,8.809488250258596
2025-05-20,15:30-16:00,260.6973908069138
2025-05-20,18:50-19:10,28.7380295733293
2025-05-20,19:30-19:40,0.7319260136824823
2025-05-20,21:40-21:50,5.229069999999979
2025-05-20,22:10-22:30,36.36082666666664
2025-05-20,23:50-0:00+1,3.2470233333332317
2025-05-21,0:10-0:20,6.116756666666561
2025-05-21,0:50-1:00,17.0317399999999
2025-05-21,2:50-3:10,76.98075333333338
2025-05-21,7:10-7:20,2.166295542912735
2025-05-21,11:50-12:00,15.49028787339239
2025-05-21,14:10-14:30,18.481601794549277
2025-05-21,15:30-15:50,88.02443931201964
2025-05-21,16:50-17:10,11.20070279336801
2025-05-21,19:30-19:50,46.39162116604268
2025-05-21,21:00-21:10,3.72810006139332
2025-05-21,22:30-22:40,0.9529999999999745
2025-05-21,23:00-23:10,4.208666666666659
2025-05-21,23:30-23:50,44.19402755102715
2025-05-22,1:10-1:30,35.94136000000003
2025-05-22,2:20-2:30,5.137179999999944
2025-05-22,4:10-4:20,27.542396666666605
2025-05-22,5:40-6:00,41.41655555555553
2025-05-22,8:00-8:20,14.586794651812113
2025-05-22,12:10-12:30,42.46105182623819
2025-05-22,12:40-13:10,44.42334717025926
2025-05-22,14:10-14:20,4.828671334562131
2025-05-22,18:10-18:30,29.451775555555514
2025-05-22,19:30-19:40,4.002391346024069
2025-05-22,20:30-20:40,19.200012261662323
2025-05-23,1:00-1:20,32.92970333333329
2025-05-23,2:00-2:10,3.08966666666646
2025-05-23,2:30-2:40,11.097999999999956
2025-05-23,3:00-3:50,110.92825333333337
2025-05-23,4:20-4:30,15.397090000000048
2025-05-23,6:20-6:40,5.073678506126299
2025-05-23,18:00-18:10,35.748960841589565
2025-05-23,19:50-20:10,15.861980401220649
2025-05-23,20:50-21:00,9.125203333333388
2025-05-24,0:50-1:10,38.04349333333329
2025-05-24,2:00-2:10,14.833333333333314
2025-05-24,2:30-2:50,22.005090000000052
2025-05-24,4:00-4:10,9.365999999999929
2025-05-24,4:40-5:00,11.750893333333352
2025-05-24,14:40-14:50,16.208230616535047
2025-05-24,21:40-21:50,4.367950000000064
2025-05-25,1:20-1:30,15.644226666666668
2025-05-25,6:10-6:30,27.74157897027669
2025-05-25,8:50-9:10,21.118581915024834
2025-05-25,12:30-12:50,142.17752825128804
2025-05-25,14:00-14:10,4.498094675384152
2025-05-25,14:50-15:00,7.530170235926946
2025-05-25,15:10-15:30,43.03414306661013
2025-05-25,16:00-16:30,40.685213214939495
2025-05-25,19:00-19:10,3.4626858947633536
2025-05-25,19:40-19:50,7.456452193109953
2025-05-25,20:50-21:10,64.56934565797064
2025-05-25,22:50-23:00,2.7323866666666845
2025-05-26,1:30-1:40,33.507333333333236
2025-05-26,4:30-4:40,0.4289999999999736
2025-05-26,5:00-5:20,66.0446488888889
2025-05-26,5:50-6:00,5.667385555555484
2025-05-26,6:50-7:00,0.042061521346454356
2025-05-26,7:20-7:50,92.84063835062054
2025-05-26,8:20-8:30,23.53225800898599
2025-05-26,11:00-11:20,56.639083735939536
2025-05-26,11:50-12:00,40.810651422252704
2025-05-26,12:30-13:10,169.09930652605982
2025-05-26,17:20-17:30,0.7424897816913472
2025-05-26,18:30-18:50,15.562822777777342
2025-05-26,19:00-19:10,4.181425895882967
2025-05-26,21:50-22:00,2.235443333333251
2025-05-26,22:50-23:10,68.28248666666684
2025-05-27,1:40-1:50,2.378826666666555
2025-05-27,3:00-3:10,1.4916666666666742
2025-05-27,3:30-3:40,23.039333333333275
2025-05-27,4:00-4:10,6.471333333333291
2025-05-27,4:30-5:00,52.8979300000002
2025-05-27,7:10-7:50,116.57965832195383
2025-05-27,8:00-8:10,8.139227330352753
2025-05-27,8:20-8:50,91.7404544948555
2025-05-27,9:40-9:50,46.40245148924099
2025-05-27,10:30-10:40,33.02713917758493
2025-05-27,16:10-16:30,36.85911848283649
2025-05-27,22:30-22:40,36.489333333333434
2025-05-28,0:20-0:40,63.18852333333348
2025-05-28,1:00-1:20,11.609856666666701
2025-05-28,3:40-4:00,35.569706666666775
2025-05-28,12:30-12:40,28.53912941652834
2025-05-28,17:30-17:50,19.841327657765305
2025-05-28,22:00-22:10,4.2053333333333285
2025-05-29,0:10-1:00,67.93389333333312
2025-05-29,2:50-3:10,35.26760000000013
2025-05-29,3:30-3:40,3.4489999999998417
2025-05-29,4:30-4:40,25.222333333333268
2025-05-29,5:00-5:20,71.29209166666669
2025-05-29,6:00-6:10,5.133166666666739
2025-05-29,15:00-15:20,35.21749454920707
2025-05-29,15:50-17:00,184.56009842157312
2025-05-29,17:40-17:50,13.5032219546041
2025-05-29,19:20-19:30,12.494453333333468
2025-05-29,21:40-21:50,15.306046666666703
2025-05-30,3:30-4:00,66.04549999999995
2025-05-30,5:50-6:00,2.301731666666683
2025-05-30,12:40-12:50,20.853411722597457
2025-05-30,13:20-13:40,76.1644744923517
2025-05-30,14:00-14:10,3.245267970416762
2025-05-30,15:10-15:20,16.198151579389105
2025-05-30,16:50-17:10,10.627185860873979
2025-05-30,17:30-17:50,36.36662409437341
2025-05-30,22:00-22:10,19.3903333333335
2025-05-30,22:40-22:50,9.37649999999985
2025-05-31,0:50-1:00,26.249806666666643
2025-05-31,1:30-1:40,0.6326666666667506
2025-05-31,2:50-3:00,16.31401666666676
2025-05-31,3:20-3:40,35.364460000000065
2025-05-31,4:20-4:30,6.304056666666668
2025-05-31,5:10-5:20,4.259038333333308
2025-05-31,6:20-6:40,40.43810788396354
2025-05-31,19:00-19:10,19.089131271430688
2025-05-31,0:00-0:10+1,111.15099999999984
2025-06-01,0:10-3:50,1123.1440766666665
2025-06-01,4:30-4:50,18.031180000000177
2025-06-01,14:10-16:10,656.2461158189533
2025-06-01,16:40-17:00,116.82832687187602
2025-06-01,18:00-18:10,6.447486874843207
2025-06-01,18:40-19:40,345.6643555203974
2025-06-01,20:00-20:50,255.70197373733907
2025-06-01,21:10-22:40,447.7441990950599
2025-06-01,23:10-0:10+1,571.1856598488739
2025-06-02,0:10-3:00,1042.2127899999996
2025-06-02,3:10-3:50,90.21178666666697
2025-06-02,4:10-4:30,30.214650000000006
2025-06-02,4:40-5:00,33.66950666666639
2025-06-02,6:00-6:10,18.665219999999977
2025-06-02,15:10-17:30,570.1915915230531
2025-06-02,17:40-18:40,171.54317442695287
2025-06-02,19:20-20:40,411.86801716108556
2025-06-02,20:50-21:40,163.59586511806913
2025-06-02,22:00-22:50,339.2855747157922
2025-06-02,23:10-0:10+1,433.6841975153833
2025-06-03,0:10-3:20,875.32054
2025-06-03,4:10-4:30,47.5014000000001
2025-06-03,5:20-5:40,9.018046666666578
2025-06-03,6:00-6:10,11.584783333333235
2025-06-03,12:30-12:50,25.31579944488078
2025-06-03,14:40-15:10,110.47824058282714
2025-06-03,15:20-16:20,329.9260323728007
2025-06-03,16:30-19:20,1027.2646814417512
2025-06-03,19:30-20:00,117.23766087307763
2025-06-03,20:30-20:50,38.179056320283735
2025-06-03,21:00-22:30,445.1614938174414
2025-06-03,22:50-23:40,252.44301169648895
2025-06-03,23:50-0:10+1,87.67217230407732
2025-06-04,0:10-2:50,1002.1199266666667
2025-06-04,3:20-3:40,47.781916666666575
2025-06-04,4:00-5:40,250.27988888888888
2025-06-04,13:50-14:00,38.973084294725254
2025-06-04,14:30-14:40,38.59248597531277
2025-06-04,17:20-17:30,6.745288566404838
2025-06-04,17:40-18:30,248.69534167520203
2025-06-04,18:50-19:00,26.101363594200393
2025-06-04,19:10-19:30,130.42469453189221
2025-06-04,19:50-20:10,7.481034426998576
2025-06-04,20:20-21:50,412.6489902955236
2025-06-04,22:20-0:10+1,655.5900156889069
2025-06-05,0:10-1:00,181.62824333333356
2025-06-05,1:10-2:50,544.933196666667
2025-06-05,3:00-3:30,127.9485666666668
2025-06-05,3:50-4:20,40.41230000000019
2025-06-05,5:20-5:30,15.08402777777792
2025-06-05,12:40-13:00,8.092938788382071
2025-06-05,13:40-14:00,58.54536077757548
2025-06-05,14:20-14:30,23.847679239321337
2025-06-05,15:10-16:00,490.11249471464225
2025-06-05,16:30-17:30,96.4923456155667
2025-06-05,17:40-18:30,126.6558360969093
2025-06-05,18:50-19:20,254.52767605434974
2025-06-05,19:40-20:30,182.2360145112139
2025-06-05,20:40-21:10,161.98372353704838
2025-06-05,21:30-0:10+1,1109.2452376188457
2025-06-06,0:10-2:20,820.6001399999996
2025-06-06,3:00-3:20,45.934736666666765
2025-06-06,4:10-4:30,79.78566333333328
2025-06-06,5:30-5:50,28.70311555555554
2025-06-06,11:50-12:10,63.057323980535955
2025-06-06,12:40-13:10,71.22321492113826
2025-06-06,13:40-13:50,4.329360028730775
2025-06-06,14:20-14:40,9.262498874210493
2025-06-06,15:20-16:30,275.55618979252847
2025-06-06,16:40-17:30,124.57788887358535
2025-06-06,17:40-19:50,551.3271159489168
2025-06-06,20:10-20:50,106.2342530658625
2025-06-06,21:10-21:30,130.7963136113109
2025-06-06,21:40-22:40,172.68487554394346
2025-06-06,23:00-0:10+1,426.4973559200339
2025-06-07,0:10-0:50,193.53716333333296
2025-06-07,1:00-1:30,133.55083999999988
2025-06-07,1:50-2:30,123.44365333333337
2025-06-07,3:40-4:00,34.058559999999886
2025-06-07,5:30-6:00,111.32893555555552
2025-06-07,14:00-14:30,168.29018403049375
2025-06-07,15:00-15:10,18.16017643931798
2025-06-07,15:30-15:40,43.47715744747942
2025-06-07,16:10-16:30,71.44549728785742
2025-06-07,17:00-18:00,387.3056582571181
2025-06-07,18:40-19:00,145.98148690923347
2025-06-07,19:40-20:00,50.99572958483577
2025-06-07,20:10-20:50,119.34186268592612
2025-06-07,21:30-23:10,434.9118233090673
2025-06-07,23:30-23:50,127.78055655395019
2025-06-08,4:10-4:30,23.022489999999948
2025-06-08,6:40-6:50,1.5452031543461544
2025-06-08,7:50-8:00,5.729319183530521
2025-06-08,12:20-12:50,125.03780435401467
2025-06-08,13:00-13:20,81.16683471435944
2025-06-08,13:40-14:00,110.27880986922256
2025-06-08,16:00-16:10,5.728536666666571
2025-06-08,17:50-18:00,2.817207328006816
2025-06-08,23:00-23:10,15.586666666666588
2025-06-09,3:50-4:20,143.92073000000016
2025-06-09,5:40-6:00,32.88692055555555
2025-06-09,8:50-9:00,1.675543546184656
2025-06-09,10:20-10:30,26.855722030207772
2025-06-09,11:10-11:20,13.545997231878118
2025-06-09,11:40-12:00,40.77020066794705
2025-06-10,2:40-2:50,10.67700666666667
2025-06-10,4:50-5:10,70.06876666666665
2025-06-10,5:40-5:50,8.295537777777781
2025-06-10,6:20-6:30,12.017201917342618
2025-06-10,7:50-8:10,44.99656404598187
2025-06-10,9:10-9:30,37.75413127539329
2025-06-10,9:40-9:50,12.189411106241394
2025-06-10,11:00-12:10,305.96632724727624
2025-06-10,13:50-14:00,10.775634936907437
2025-06-10,20:00-20:10,0.4705408761954004
2025-06-10,22:40-23:00,23.934516666666923
2025-06-11,2:50-3:00,11.989270000000033
2025-06-11,6:10-7:00,142.98052887671452
2025-06-11,7:10-7:30,18.245206562591022
2025-06-11,9:10-9:50,257.03017883217717
2025-06-11,10:10-10:40,90.70211825907049
2025-06-11,12:10-12:30,51.82175233576163
2025-06-11,17:20-17:30,32.54618780834858
2025-06-12,3:30-3:50,24.710506666666674
2025-06-12,6:00-6:20,16.672389008469736
2025-06-12,8:00-8:40,48.38738318490488
2025-06-12,9:20-9:30,6.111766615110469
2025-06-12,13:00-13:10,0.20429253936785585
2025-06-12,13:30-13:50,36.60907388888862
2025-06-12,14:40-15:00,108.27180022021855
2025-06-12,16:10-16:20,14.753660610201337
2025-06-13,2:40-2:50,1.0156433333332302
2025-06-13,5:50-6:00,13.112921666666637
2025-06-13,8:10-8:20,13.859816666666726
2025-06-13,12:10-12:30,6.618078480476356
2025-06-13,13:40-13:50,21.590091337110096
2025-06-13,20:50-21:00,36.34093999999993
2025-06-13,22:40-22:50,6.144489999999678
2025-06-14,11:10-11:20,5.559771495635232
2025-06-14,13:00-13:10,3.343697561684621
2025-06-14,13:30-13:40,0.11133299115584805
2025-06-14,15:00-15:10,30.71259962939334
2025-06-14,21:00-21:10,16.51497807190549
2025-06-14,22:40-23:00,6.119273333333126
2025-06-15,6:50-7:10,24.486747766161557
2025-06-15,7:30-7:40,12.560686786864267
2025-06-15,8:40-9:30,95.65662584431203
2025-06-15,10:00-10:10,18.506887937455247
2025-06-15,10:20-11:20,258.8313228967072
2025-06-15,11:30-11:50,60.83223329486623
2025-06-15,12:40-13:00,75.86862765610624
2025-06-15,13:20-13:40,58.21465451073314
2025-06-15,14:20-14:40,24.28642247517314
2025-06-16,2:40-2:50,6.747763333333296
2025-06-16,4:20-4:30,2.530735555555566
2025-06-16,5:50-6:10,21.305871666666917
2025-06-16,6:30-6:40,20.904648301580323
2025-06-16,7:00-8:10,163.37418403990202
2025-06-16,9:00-9:10,13.19854677362548
2025-06-16,9:50-10:20,49.54490966927044
2025-06-16,12:50-13:00,77.03503808344385
2025-06-16,21:10-21:30,7.289530000000013
2025-06-17,1:00-1:10,8.206999999999994
2025-06-17,3:00-3:10,29.757333333333236
2025-06-17,5:10-5:20,21.044488888888736
2025-06-17,6:10-6:50,47.76348376143545
2025-06-17,7:10-7:30,7.743144792599367
2025-06-17,9:10-9:30,59.37106924348657
2025-06-17,9:50-10:10,71.6410992683375
2025-06-17,10:30-11:10,168.31789806525876
2025-06-17,11:40-12:00,51.2376137480918
2025-06-17,13:30-13:50,128.07887196553588
2025-06-17,17:00-17:10,24.79770000646647
2025-06-17,19:30-19:40,14.62694166666688
2025-06-18,5:40-5:50,5.914714444444371
2025-06-18,6:20-7:00,89.8775377549706
2025-06-18,7:20-8:00,223.85384582662346
2025-06-18,8:40-9:10,46.51743705242097
2025-06-18,12:10-12:20,16.196904038221987
2025-06-18,13:30-13:40,17.562247005724572
2025-06-19,2:50-3:00,6.512203333333446
2025-06-19,4:40-5:10,77.32300499999974
2025-06-19,5:40-6:00,19.46132222222218
2025-06-19,6:10-6:40,78.12320745354987
2025-06-19,7:50-8:10,20.71719109994848
2025-06-19,8:40-9:10,36.16217164545253
2025-06-19,11:20-12:00,180.75781815649736
2025-06-19,17:50-18:00,1.416705513199986
2025-06-19,19:20-19:40,57.27265298930115
2025-06-19,0:00-0:10+1,8.232333333333372
2025-06-20,1:20-1:30,9.998646666666673
2025-06-20,6:10-6:20,6.768956737065537
2025-06-20,6:50-7:10,6.9794429866977055
2025-06-20,12:10-12:20,32.68518856144897
2025-06-20,18:10-18:20,5.143997020017309
2025-06-21,3:10-3:20,6.107110000000091
2025-06-21,4:10-4:20,6.671265000000062
2025-06-22,1:10-1:30,26.572526666666704
2025-06-22,2:40-3:10,66.23071333333337
2025-06-22,6:40-6:50,3.7220486714019216
2025-06-22,7:10-7:20,15.257830702277147
2025-06-22,9:30-10:00,153.21911754254506
2025-06-22,13:10-13:30,94.70632386384821
2025-06-22,13:40-13:50,22.808421111112096
2025-06-22,14:10-14:30,97.27595764489172
2025-06-23,2:30-2:40,2.528333333333194
2025-06-23,3:20-3:40,36.83330999999998
2025-06-23,4:00-4:10,47.26266666666652
2025-06-23,4:30-4:40,14.583838333333233
2025-06-23,5:00-5:10,16.52558333333343
2025-06-23,6:10-6:20,6.442868534299691
2025-06-23,6:50-7:00,5.5314545994181685
2025-06-23,13:30-13:40,9.364544414112146
2025-06-23,14:30-15:00,66.12600934778632
2025-06-23,15:20-15:30,7.8326862393960255
2025-06-23,16:30-16:40,4.097454505388214
2025-06-23,22:20-22:30,19.14446940563721
2025-06-24,1:30-2:00,37.720510000000104
2025-06-24,4:40-5:00,19.800182777777877
2025-06-24,6:00-6:10,12.777926666666644
2025-06-24,7:00-7:10,3.996108756092724
2025-06-24,8:50-9:00,4.062300998877731
2025-06-24,10:10-10:30,100.74587993211625
2025-06-24,10:40-10:50,12.287559188084089
2025-06-24,11:10-11:20,25.65546824514024
2025-06-24,12:20-12:30,36.575559492517414
2025-06-25,3:10-3:30,13.506586666666635
2025-06-25,11:20-11:30,7.397480775921622
2025-06-25,13:00-13:10,33.86504335023373
2025-06-25,14:00-14:10,23.806978491282933
2025-06-25,14:30-15:00,238.99157377224603
2025-06-25,17:30-17:40,29.753125071000227
2025-06-25,21:50-22:00,9.4294266666667
2025-06-26,4:20-4:30,1.3928433333333032
2025-06-26,6:30-7:40,194.96590660672666
2025-06-26,8:30-8:40,18.499929100933002
2025-06-26,9:10-9:20,14.35415855396485
2025-06-26,9:50-10:00,15.097841994507547
2025-06-26,12:10-12:20,18.390607348563265
2025-06-26,14:10-14:30,34.078861899907764
2025-06-26,15:10-15:40,53.0569386854863
2025-06-26,19:10-19:20,7.188848758857034
2025-06-26,19:50-20:00,23.133449629024426
2025-06-27,0:20-0:30,7.185363333333271
2025-06-27,4:40-5:10,36.38539611111122
2025-06-27,18:30-18:40,8.368052891759362
2025-06-28,3:50-4:00,0.21385666666674297
2025-06-28,4:40-5:10,73.93600388888893
2025-06-28,6:00-6:10,0.42262250000010226
2025-06-28,7:40-8:00,37.29775801061862
2025-06-28,20:00-20:10,11.554384187641176
2025-06-28,21:00-21:20,64.53835000000004
2025-06-29,2:00-2:10,14.8839999999999
2025-06-29,2:30-2:40,29.437000000000012
2025-06-29,4:00-4:10,16.222666666666555
2025-06-29,4:30-4:50,90.9608122222221
2025-06-29,7:40-7:50,15.624838357943133
2025-06-29,8:30-8:40,15.562377994110022
2025-06-29,9:30-9:50,49.19923967478448
2025-06-29,11:10-12:30,352.2222222204548
2025-06-29,12:40-13:00,22.02873485422242
2025-06-29,15:10-15:20,28.080253916058837
2025-06-29,15:50-16:50,221.14493565864285
2025-06-29,18:20-18:40,78.90205654020974
2025-06-30,2:10-2:30,34.74795000000006
2025-06-30,4:40-5:00,67.23764555555556
2025-06-30,5:20-5:30,8.154726666666534
2025-06-30,7:10-7:30,123.9032843608382
2025-06-30,10:00-11:00,236.991418272582
2025-06-30,12:40-12:50,5.167437777777991
2025-06-30,15:40-16:00,45.216256025852374
2025-06-30,19:00-19:10,52.66624976106971
2025-06-30,23:50-0:10+1,74.57374666666658
2025-07-01,0:10-1:20,376.3276966666672
2025-07-01,1:30-2:00,89.43294666666645
2025-07-01,2:10-6:10,1902.5247116666662
2025-07-01,11:20-12:10,292.6064295348973
2025-07-01,12:40-13:30,121.99704545071327
2025-07-01,13:50-14:10,57.29096109192875
2025-07-01,15:00-15:40,285.18333752777295
2025-07-01,16:40-17:20,130.84065625269102
2025-07-01,18:30-19:00,162.9597250717827
2025-07-01,19:50-20:40,175.80196362412607
2025-07-01,21:40-22:10,101.63679864025005
2025-07-01,22:20-22:50,146.27453088155528
2025-07-01,23:10-23:30,58.358246003406975
2025-07-01,23:40-0:10+1,116.20004664187024
2025-07-02,0:10-6:10,2651.7151199999994
2025-07-02,7:20-7:40,77.3711185190634
2025-07-02,9:40-10:00,32.90963767503048
2025-07-02,10:10-10:40,66.30182249950096
2025-07-02,11:00-11:10,30.78998918430659
2025-07-02,11:30-12:10,105.11633415791914
2025-07-02,12:30-12:40,1.7929213808847635
2025-07-02,14:20-14:30,54.840013197084325
2025-07-02,15:20-15:50,118.98323893496661
2025-07-02,16:10-16:30,72.27484426330659
2025-07-02,16:40-17:30,160.55572590330712
2025-07-02,18:20-18:30,5.300698087040018
2025-07-02,19:10-19:40,152.91189822920956
2025-07-02,19:50-20:20,73.64274564836626
2025-07-02,20:30-21:20,63.14275694319542
2025-07-02,22:10-23:50,336.4420667562558
2025-07-02,0:00-0:10+1,20.643109675613573
2025-07-03,0:10-6:10,2795.440016111112
2025-07-03,11:50-12:00,17.784120538489674
2025-07-03,15:40-16:00,22.67448906196097
2025-07-03,16:20-17:10,168.31316724939313
2025-07-03,17:40-18:20,147.51208755025505
2025-07-03,18:40-19:10,254.841623363738
2025-07-03,20:00-20:10,4.016497344547247
2025-07-03,20:20-21:00,106.7912877218829
2025-07-03,21:10-21:30,93.09185526296847
2025-07-03,22:00-22:30,135.296361015682
2025-07-03,22:40-23:00,16.050323293907127
2025-07-03,23:10-23:40,128.42577208627017
2025-07-03,0:00-0:10+1,9.574276342280427
2025-07-04,0:10-0:20,26.200573333333296
2025-07-04,0:30-6:30,2604.23944437522
2025-07-04,6:40-7:20,38.00056660145182
2025-07-04,13:00-13:10,87.58249891510559
2025-07-04,14:50-15:00,4.1414709685507205
2025-07-04,15:30-16:20,182.60648764111642
2025-07-04,16:40-18:30,744.7859640598018
2025-07-04,18:40-19:10,269.20934462836476
2025-07-04,19:40-21:30,553.1861914299135
2025-07-04,21:40-0:10+1,786.4074595771533
2025-07-05,0:10-1:50,703.6403733333333
2025-07-05,2:00-4:50,1082.7865022222218
2025-07-05,5:00-6:00,300.83762944444413
2025-07-05,6:10-6:40,89.98790587698068
2025-07-05,7:30-7:40,23.73558296368376
2025-07-05,12:50-14:10,305.60140691694323
2025-07-05,14:30-14:40,40.28064039808146
2025-07-05,15:00-15:30,147.89821244456232
2025-07-05,15:50-19:00,1300.34854583927
2025-07-05,19:40-20:00,111.82655845934084
2025-07-05,20:10-21:00,201.00847200074713
2025-07-05,21:20-22:00,207.21859680624038
2025-07-05,22:20-0:00+1,505.5614332000524
2025-07-06,0:10-2:00,554.1165799999998
2025-07-06,2:10-2:30,162.76539333333324
2025-07-06,2:40-6:00,1140.3153677777777
2025-07-06,6:20-6:40,20.068930223704456
2025-07-06,14:40-15:00,88.35854601024954
2025-07-06,15:30-15:40,68.87642665363126
2025-07-06,16:00-16:10,55.033885747431555
2025-07-06,17:50-18:10,94.60149177358119
2025-07-06,18:50-19:20,83.90933914954223
2025-07-06,19:30-20:00,129.05453788561647
2025-07-06,20:10-21:10,210.2622526066882
2025-07-06,22:00-23:10,458.72593169446804
2025-07-06,23:30-0:10+1,218.01925197714468
2025-07-07,0:10-4:00,1550.5244966666655
2025-07-07,4:10-4:40,155.5262977777776
2025-07-07,4:50-6:00,340.91162444444456
2025-07-07,7:40-7:50,0.6473969760246234
2025-07-07,8:20-8:50,119.52975950666797
2025-07-07,12:50-13:20,53.42441658671936
2025-07-07,18:30-19:00,183.21915720126674
2025-07-07,19:10-19:30,73.74110536915566
2025-07-07,19:50-20:40,201.4451754009467
2025-07-07,21:00-21:10,4.169191931892101
2025-07-07,21:40-22:50,302.18446101984796
2025-07-07,23:10-23:50,127.83492453226415
2025-07-08,3:00-3:10,46.581333333333305
2025-07-08,8:30-8:50,29.90239471215233
2025-07-08,10:10-10:30,19.315688202427285
2025-07-08,11:30-11:40,18.43177441470789
2025-07-08,14:30-14:40,7.062532016910666
2025-07-08,19:00-19:10,14.927814703654576
2025-07-09,7:00-7:10,23.415009162903118
2025-07-09,17:40-18:00,55.968504328391646
2025-07-10,4:40-4:50,3.4904144444444682
2025-07-10,6:20-7:40,193.36879679639776
2025-07-10,9:00-9:10,8.746700225908455
2025-07-10,9:50-10:20,51.575926850674506
2025-07-10,10:40-11:00,18.444922787197157
2025-07-10,12:00-12:10,47.31083037899174
2025-07-10,12:30-13:00,77.49503115729618
2025-07-10,15:50-16:10,46.950521083865965
2025-07-10,21:00-21:10,11.316184570084147
2025-07-10,22:00-22:10,16.099038343753364
2025-07-11,3:30-3:40,1.3419999999999845
2025-07-11,5:10-5:30,29.179078333333223
2025-07-11,7:30-7:50,34.702683528327704
2025-07-12,7:00-7:10,42.02335955955721
2025-07-12,7:40-7:50,2.116744529981304
2025-07-12,12:40-12:50,21.285410424669863
2025-07-12,19:20-19:30,6.407644383739466
2025-07-12,22:00-22:10,47.06711899533775
2025-07-13,7:50-8:00,3.1917008548593913
2025-07-13,15:10-15:30,106.5961392224603
2025-07-13,15:50-16:00,6.72712475267565
2025-07-13,16:40-16:50,5.481252507111321
2025-07-13,18:20-18:30,2.1270467290178203
2025-07-13,19:20-19:30,24.98099246639265
2025-07-14,6:00-6:10,7.4139900000000125
2025-07-14,9:10-9:30,101.46467491993836
2025-07-14,10:00-10:40,64.02486920372813
2025-07-14,11:00-11:10,82.3862275656445
2025-07-14,16:00-16:20,44.197884363300034
2025-07-14,17:50-18:10,23.62681064611843
2025-07-15,2:30-2:40,9.354333333333443
2025-07-15,6:10-6:20,3.539699110858578
2025-07-15,7:10-7:20,12.698373406616497
2025-07-15,8:00-8:20,104.63595078327921
2025-07-15,10:40-11:10,132.28653908664086
2025-07-15,11:40-12:00,112.79438806066332
2025-07-15,13:50-14:10,30.450685652658592
2025-07-15,16:00-16:20,86.12346147288429
2025-07-15,17:30-17:40,2.975395200787716
2025-07-16,6:00-6:20,89.76353957586048
2025-07-16,7:40-7:50,8.610656724024636
2025-07-16,10:40-10:50,8.472778800949143
2025-07-16,11:10-11:30,63.69702500430685
2025-07-16,14:00-14:10,0.8648218662143186
2025-07-16,22:00-22:10,12.132002975259638
2025-07-17,1:30-1:40,13.870333333333292
2025-07-17,4:00-4:10,25.448333333333267
2025-07-17,5:00-5:10,5.976853333333338
2025-07-17,8:40-9:00,45.921884056353406
2025-07-17,9:20-9:30,10.68075709228387
2025-07-17,14:20-14:40,20.7472659328256
2025-07-17,16:20-17:10,54.91609488707593
2025-07-17,23:40-0:00+1,41.04325702390713
2025-07-18,13:10-13:30,24.590298289565908
2025-07-18,14:10-14:40,114.12096775678134
2025-07-18,15:40-16:10,117.00927496453373
2025-07-18,17:10-17:20,9.090411585613708
2025-07-19,5:20-5:30,6.563710000000015
2025-07-19,12:10-12:30,63.45503544954613
2025-07-20,6:30-6:50,19.389628948281256
2025-07-20,7:20-7:40,26.33026419186058
2025-07-20,13:40-14:00,29.8588820464699
2025-07-21,6:30-6:40,38.294640437884254
2025-07-21,8:30-8:40,14.68498584848021
2025-07-22,5:00-5:10,7.809666666666544
2025-07-22,7:30-7:50,44.23929521711824
2025-07-22,9:00-9:30,80.83015454640588
2025-07-22,16:30-16:40,63.11978543107739
2025-07-22,22:30-22:40,8.227613604548878
2025-07-23,7:10-7:20,14.237804185594257
2025-07-23,8:00-8:40,125.5964182431029
2025-07-23,9:00-9:20,79.31333524160486
2025-07-23,10:00-10:30,113.12458438924507
2025-07-23,11:10-11:40,105.48214686831363
2025-07-23,13:30-13:50,69.97637558222966
2025-07-23,14:40-14:50,6.123837631136098
2025-07-24,5:20-5:30,21.12699888888892
2025-07-24,6:30-6:40,4.453465245831239
2025-07-25,7:50-8:00,8.425854312150946
2025-07-25,10:30-10:40,10.608363732925113
2025-07-25,21:30-21:40,19.241322492145287
2025-07-26,1:00-1:10,4.115666666666698
2025-07-26,5:50-6:00,16.720653333333303
2025-07-26,6:30-6:40,10.015896313019994
2025-07-26,11:10-11:30,17.083462510036497
2025-07-26,12:30-12:40,7.814414499880058
2025-07-27,1:30-1:40,63.85400000000004
2025-07-27,12:00-12:10,20.08301813912817
2025-07-27,14:00-14:10,14.423782675016803
2025-07-27,14:50-15:00,14.035876240184052
2025-07-27,15:10-15:20,40.19271040893955
2025-07-27,16:30-16:50,21.154130185839904
2025-07-28,6:20-6:30,3.7200375896600235
2025-07-28,6:50-7:00,24.872673142135852
2025-07-28,10:10-10:20,5.502892828828417
2025-07-28,12:10-12:30,59.83691079997732
2025-07-28,16:20-16:30,7.743124978156743
2025-07-28,17:10-17:20,29.254127777777626
2025-07-28,18:20-18:30,30.034271111111025
2025-07-29,7:10-7:20,18.190053534565095
2025-07-29,8:20-8:30,7.303521677749586
2025-07-29,12:20-12:30,10.614851111111307
2025-07-29,13:10-13:30,48.59335850757635
2025-07-29,14:00-14:20,39.98879365159165
2025-07-29,16:50-17:00,14.081600506726772
2025-07-29,19:00-19:10,11.470477262356098
2025-07-30,6:40-7:00,48.91815487231054
2025-07-30,7:30-7:40,37.77309166666663
2025-07-30,12:10-12:30,115.35628466382855
2025-07-30,15:20-15:30,24.67459182317799
2025-07-30,16:10-16:20,16.674978653951143
2025-07-30,18:50-19:00,19.01542178218392
2025-07-31,2:20-2:40,36.32585333333304
2025-07-31,4:30-4:40,19.08233333333328
2025-07-31,8:20-8:30,4.383158684409295
2025-07-31,9:40-10:00,141.1871401716305
2025-07-31,10:50-11:00,13.297277866626956
2025-07-31,11:40-11:50,7.45029718638159
2025-07-31,14:10-14:40,19.7580497179966
2025-07-31,14:50-15:00,8.02452289570246
2025-07-31,15:30-16:00,172.13782636919586
2025-07-31,17:20-17:50,129.01593175610628
2025-07-31,18:40-19:00,61.61484888888879
2025-07-31,20:20-20:30,3.991279451929131
2025-07-31,23:50-0:00+1,12.1796333333333
2025-08-01,2:00-2:10,27.055666666666752
2025-08-01,4:00-4:10,29.53766666666661
2025-08-01,4:30-4:40,7.608999999999924
2025-08-01,5:10-5:40,70.91743000000014
2025-08-01,7:20-7:30,2.2310666666666443
2025-08-01,17:40-17:50,14.809323956746141
2025-08-01,18:50-19:00,15.71742340441267
2025-08-01,23:00-23:20,48.91707666666662
2025-08-02,0:20-0:30,13.852513333333263
2025-08-02,5:30-5:40,2.9208666666667114
2025-08-02,6:10-6:20,1.1710494540740228
2025-08-02,13:10-14:00,148.53974093942088
2025-08-02,14:10-14:30,37.54164343195981
2025-08-02,14:50-15:00,0.4141369725895174
2025-08-02,18:20-18:40,41.48395722222233
2025-08-02,19:00-19:10,6.422088782083961
2025-08-02,20:00-20:10,8.209851914337378
2025-08-02,21:00-21:10,3.391114010701358
2025-08-02,23:30-23:50,6.4451215601131935
2025-08-02,0:00-0:10+1,10.364000000000033
2025-08-03,1:50-2:00,1.5973900000001322
2025-08-03,5:40-6:00,33.87367166666672
2025-08-03,6:40-7:00,74.62975842979625
2025-08-03,13:10-13:20,13.18811351347506
2025-08-03,13:50-14:00,3.9605199395374484
2025-08-03,14:30-14:40,7.053627633791091
2025-08-03,15:30-15:40,37.4338669407133
2025-08-03,16:30-16:40,0.6304688574907686
2025-08-03,18:40-18:50,1.6793711111112088
2025-08-03,19:10-19:20,1.7280866666667407
2025-08-03,19:40-20:20,134.96148333333338
2025-08-03,21:40-22:00,50.113036420860794
2025-08-03,22:10-22:30,68.98159333333308
2025-08-03,22:40-23:00,70.22751459438825
2025-08-04,0:40-0:50,18.55495666666684
2025-08-04,3:40-4:00,119.03539333333333
2025-08-04,4:20-4:40,66.28739666666638
2025-08-04,7:10-7:30,51.30989695995993
2025-08-04,8:50-9:00,56.229494697603904
2025-08-04,13:00-13:20,9.08420187738352
2025-08-04,13:50-14:20,58.09741179408492
2025-08-04,15:20-15:30,44.781408075392164
2025-08-04,16:00-16:10,19.90511607019704
2025-08-04,17:00-17:10,30.161891848706546
2025-08-04,17:20-17:40,38.46201425214929
2025-08-04,18:50-19:10,75.99665499999992
2025-08-04,20:00-20:20,3.199829976688193
2025-08-04,22:20-22:40,49.094669999999724
2025-08-04,0:00-0:10+1,25.14966666666669
2025-08-05,0:10-0:20,13.887066666666897
2025-08-05,0:50-1:30,59.65647999999965
2025-08-05,2:20-2:30,11.32198666666659
2025-08-05,4:40-5:00,47.86373333333347
2025-08-05,6:40-6:50,3.742199034325836
2025-08-05,8:00-8:30,169.02664281925087
2025-08-05,10:30-10:40,23.163677005756227
2025-08-05,11:10-11:20,20.94748697252828
2025-08-05,15:00-15:10,21.529363011645728
2025-08-05,17:10-17:30,43.25141846134545
2025-08-05,18:30-18:50,21.697549444444462
2025-08-05,19:50-20:00,16.470916666666653
2025-08-05,20:10-20:30,1.5706150660311096
2025-08-05,21:10-21:30,122.74906666666675
2025-08-05,21:50-22:30,65.67054333333328
2025-08-05,23:00-23:10,8.774000000000115
2025-08-05,23:30-23:40,0.324333333333243
2025-08-06,0:20-0:50,22.084763333333512
2025-08-06,1:20-1:30,0.6661033333333535
2025-08-06,2:40-2:50,13.628586666666592
2025-08-06,3:40-3:50,26.524893333333353
2025-08-06,5:40-6:10,73.54659611111117
2025-08-06,8:40-8:50,24.850933628475758
2025-08-06,11:30-11:40,2.583369084186103
2025-08-06,13:10-13:20,23.619554128947982
2025-08-06,18:30-18:40,33.139033958259006
2025-08-06,21:10-21:30,70.7883833333334
2025-08-06,21:50-22:00,13.254279999999767
2025-08-06,22:30-22:50,51.22791333333339
2025-08-06,23:20-23:40,70.25588000057212
2025-08-06,23:50-0:10+1,54.42678666666666
2025-08-07,0:10-0:30,77.28460333333328
2025-08-07,0:50-1:10,101.38676333333353
2025-08-07,1:40-2:00,35.129613333333396
2025-08-07,2:50-3:00,10.326179999999908
2025-08-07,5:10-5:30,44.76119888888877
2025-08-07,7:00-7:10,21.025512326066973
2025-08-07,7:30-7:40,19.398133180782622
2025-08-07,18:30-18:40,7.723583333333522
2025-08-07,20:10-20:20,8.643980000000056
2025-08-07,22:00-22:40,97.59799141788449
2025-08-07,23:00-23:40,94.00721021445281
2025-08-08,1:10-1:20,15.670019999999909
2025-08-08,2:30-2:40,13.112666666666769
2025-08-08,6:50-7:00,16.803002237896948
2025-08-08,17:10-17:20,1.9346111111111668
2025-08-08,18:00-18:20,25.29231841649596
2025-08-08,21:00-21:20,26.087245023021183
2025-08-08,21:50-22:10,126.31458333333342
2025-08-08,22:40-22:50,17.497730000000047
2025-08-08,23:30-23:40,6.224666666666508
2025-08-09,0:40-1:10,118.65233000000012
2025-08-09,2:50-3:00,0.5306033333332607
2025-08-09,5:30-5:50,35.17191833333345
2025-08-09,7:10-7:30,47.69050854289659
2025-08-09,19:20-19:30,0.6866585244715679
2025-08-09,21:10-22:10,240.1380515163762
2025-08-09,22:30-23:00,76.98739666666677
2025-08-10,0:20-0:40,58.13671666666664
2025-08-10,1:30-1:40,39.615666666666584
2025-08-10,2:40-3:00,36.573060000000055
2025-08-10,4:00-4:10,6.436666666666611
2025-08-10,8:30-8:40,10.987978119854148
2025-08-10,9:40-10:00,101.35234716195171
2025-08-10,12:00-12:10,1.8429055398700598
2025-08-10,20:20-20:40,15.207616370124697
2025-08-10,23:00-23:20,50.352219702520074
2025-08-11,0:30-0:50,28.85364333333382
2025-08-11,1:10-1:30,62.8337866666667
2025-08-11,3:10-3:30,64.47816666666665
2025-08-11,5:30-5:40,27.38090166666666
2025-08-11,7:30-7:50,129.97063381815153
2025-08-11,15:20-15:30,1.5520624297536756
2025-08-11,18:00-18:10,6.585040000000049
2025-08-11,18:20-18:40,63.95274969696493
2025-08-11,19:10-19:50,129.78782278070037
2025-08-11,20:10-20:30,17.039229169695204
2025-08-11,22:10-22:20,28.712803333333568
2025-08-11,22:50-23:10,23.00510999999983
2025-08-12,0:20-0:30,35.471933333333254
2025-08-12,3:00-3:20,110.55862333333346
2025-08-12,5:00-5:50,131.1513461111109
2025-08-12,7:00-7:10,4.465607948223806
2025-08-12,15:20-15:40,58.768095806164695
2025-08-12,16:30-16:40,19.34971997304035
2025-08-12,17:30-17:50,69.56433566806538
2025-08-12,18:20-18:50,49.27325229347264
2025-08-12,19:20-19:50,124.87017922241228
2025-08-12,20:40-21:10,57.94695477409846
2025-08-13,1:00-1:10,40.16100000000006
2025-08-13,1:30-1:50,37.85328666666658
2025-08-13,2:50-3:10,58.015609999999924
2025-08-13,4:30-5:00,103.61941000000024
2025-08-13,5:30-5:40,19.960125000000176
2025-08-13,6:10-6:20,11.965085736380843
2025-08-13,6:40-7:00,43.04325632251408
2025-08-13,7:20-7:30,10.129390448951028
2025-08-13,11:10-11:20,31.940327777777725
2025-08-13,14:10-14:30,83.2132696447683
2025-08-13,16:40-17:00,34.65395577540721
2025-08-13,17:20-17:30,10.008460247537073
2025-08-13,17:40-18:00,40.64986940479548
2025-08-13,18:50-19:10,35.522785
2025-08-13,19:20-19:40,93.68869276044575
2025-08-13,20:40-21:00,9.153171562822536
2025-08-13,22:10-22:20,5.619970000000194
2025-08-13,22:50-23:00,16.38860999999997
2025-08-14,0:40-0:50,2.9311400000001413
2025-08-14,1:50-2:00,4.2951766666666344
2025-08-14,3:30-4:10,155.13116000000014
2025-08-14,5:30-5:50,8.759674444444272
2025-08-14,8:50-9:10,72.08760983701544
2025-08-14,12:10-12:20,16.205109073916447
2025-08-14,16:20-16:30,5.423096994035518
2025-08-14,18:00-18:10,7.458224623285901
2025-08-14,19:00-19:30,70.63200194420233
2025-08-14,20:40-21:20,137.36032539201176
2025-08-14,21:40-21:50,15.148494013914728
2025-08-14,22:50-23:00,20.41587699734714
2025-08-14,23:50-0:00+1,6.118719999999939
2025-08-15,0:40-1:00,76.87365
2025-08-15,1:40-1:50,5.173710000000028
2025-08-15,2:00-2:10,6.641333333333364
2025-08-15,2:30-2:50,31.293923333333282
2025-08-15,4:10-4:30,45.38661666666667
2025-08-15,4:50-5:00,28.042276666666567
2025-08-15,5:10-6:00,113.06823999999995
2025-08-15,12:40-13:00,88.08452293416553
2025-08-15,15:20-15:30,2.290134806020262
2025-08-15,15:40-15:50,2.6089396497558397
2025-08-15,16:50-17:00,2.5389431845776187
2025-08-15,20:00-20:10,44.555966831270325
2025-08-15,20:40-20:50,8.86670613741046
2025-08-15,21:20-21:50,75.02588372170726
2025-08-15,23:10-23:40,95.71723186254758
2025-08-15,0:00-0:10+1,26.832745306909146
2025-08-16,0:10-0:20,16.977326666666727
2025-08-16,1:10-1:30,59.57630333333327
2025-08-16,1:40-2:00,11.778386666666734
2025-08-16,3:10-3:20,11.863803333333294
2025-08-16,3:40-4:00,50.319186666666724
2025-08-16,4:50-5:20,82.11249277777773
2025-08-16,5:50-6:10,59.28511500000013
2025-08-16,7:10-7:30,45.54033693802292
2025-08-16,14:30-14:40,9.636457206454452
2025-08-16,18:20-19:00,22.613093011659544
2025-08-16,19:30-19:50,59.842062479514766
2025-08-16,20:20-20:40,116.4079162716074
2025-08-16,23:30-23:40,7.571333333333541
2025-08-17,0:40-0:50,0.06895333333341114
2025-08-17,2:20-2:40,91.72636666666665
2025-08-17,3:20-3:50,62.008016666667004
2025-08-17,7:20-7:30,2.8440403611888883
2025-08-17,9:30-9:40,14.273563570877357
2025-08-17,15:00-15:10,9.809332420031069
2025-08-17,16:20-16:30,53.47475333333307
2025-08-17,17:40-18:00,12.93191312050908
2025-08-17,18:20-18:50,94.77960404499674
2025-08-17,19:10-20:00,133.66537863735323
2025-08-17,21:50-22:10,34.934116710002854
2025-08-18,0:10-0:20,40.00064999999995
2025-08-18,1:30-1:50,78.00776333333317
2025-08-18,2:10-2:30,95.53377666666643
2025-08-18,2:50-3:10,25.66334333333316
2025-08-18,4:00-4:10,35.113000000000056
2025-08-18,4:40-4:50,3.0424133333334566
2025-08-18,5:20-5:30,14.04891888888892
2025-08-18,5:40-6:30,135.77628128733488
2025-08-18,14:30-14:40,15.880963493081254
2025-08-18,17:00-17:10,6.392058375759689
2025-08-18,17:30-17:50,44.50020600325058
2025-08-18,19:10-19:20,13.310889999999972
2025-08-18,20:00-20:10,33.011666666666656
2025-08-18,20:30-20:50,81.13851
2025-08-18,21:40-22:00,27.083623333333435
2025-08-18,23:10-23:20,0.5391802337655918
2025-08-19,0:50-1:00,44.379219999999805
2025-08-19,2:00-2:10,91.39633333333336
2025-08-19,2:30-3:00,55.66915333333327
2025-08-19,4:30-4:50,80.09124666666673
2025-08-19,5:40-5:50,5.766737777777962
2025-08-19,8:30-8:50,75.19433813135686
2025-08-19,15:00-15:10,9.561477838575058
2025-08-19,18:30-18:40,4.314891666666654
2025-08-19,19:30-19:50,48.39599999999962
2025-08-19,20:10-20:20,36.97160666666673
2025-08-19,21:30-21:50,97.49524000000008
2025-08-19,23:50-0:00+1,5.270619999999894
2025-08-20,0:30-0:50,54.65832666666665
2025-08-20,2:00-2:20,58.657623333333504
2025-08-20,5:40-5:50,17.948602222222235
2025-08-20,9:00-9:30,42.57072341032131
2025-08-20,12:40-12:50,6.20440531882582
2025-08-20,13:20-13:30,1.2907531905941596
2025-08-20,14:50-15:10,30.323677411884916
2025-08-20,15:30-15:40,5.387036577994053
2025-08-20,16:30-17:30,215.61730761616445
2025-08-20,18:00-18:10,60.063462868446436
2025-08-20,19:40-20:30,186.99769578837686
2025-08-20,21:00-21:10,32.33899999999994
2025-08-20,23:10-0:00+1,126.47076000000038
2025-08-21,0:10-0:20,3.4791033333331143
2025-08-21,1:30-1:40,11.381666666666433
2025-08-21,3:00-3:20,121.8823799999999
2025-08-21,4:50-5:10,105.97569333333308
2025-08-21,12:30-12:50,41.29987502114386
2025-08-21,13:40-14:00,32.829025800950504
2025-08-21,16:10-16:20,31.843948333333174
2025-08-21,18:10-18:30,155.4548578971786
2025-08-21,22:00-22:40,70.31042128248123
2025-08-21,23:30-23:40,3.10205104028978
2025-08-22,0:30-0:40,4.8746666666667124
2025-08-22,1:40-2:00,68.20132666666643
2025-08-22,2:50-3:30,78.51319000000012
2025-08-22,3:50-4:10,116.94466333333327
2025-08-22,4:30-4:50,31.646049999999832
2025-08-22,5:30-5:50,14.63686999999976
2025-08-22,18:10-18:30,135.62772312081563
2025-08-22,18:50-19:10,35.64856873820872
2025-08-22,20:30-20:40,42.92246202565275
2025-08-22,22:20-22:50,124.04453999999964
2025-08-23,0:20-0:40,5.951956666666661
2025-08-23,3:10-3:20,9.091720000000123
2025-08-23,4:10-4:30,40.13962333333325
2025-08-23,5:40-5:50,21.695835555555448
2025-08-23,12:10-12:30,5.556631326628803
2025-08-23,13:30-13:50,40.87321607203967
2025-08-23,16:30-16:40,10.658869301347522
2025-08-23,17:00-17:10,19.32877680535671
2025-08-23,17:30-17:40,5.1607516169725045
2025-08-23,18:10-18:20,3.1295562689239205
2025-08-23,19:50-20:00,5.65817566094222
2025-08-23,20:50-21:00,5.340663333333282
2025-08-23,21:30-22:00,89.2289443073696
2025-08-23,23:40-0:00+1,44.323457100152154
2025-08-24,0:10-0:20,4.620353333333469
2025-08-24,1:10-1:20,28.36510999999996
2025-08-24,4:00-4:20,14.954903333333391
2025-08-24,5:30-5:50,14.521372777777515
2025-08-24,6:20-6:40,41.81608625187846
2025-08-24,10:10-10:20,30.96942811641088
2025-08-24,10:40-10:50,48.3452989828657
2025-08-24,18:00-18:30,69.1998477777779
2025-08-24,20:00-20:10,3.7126666666664505
2025-08-24,20:50-21:10,18.10260666666659
2025-08-24,21:30-21:40,21.646333333333473
2025-08-24,22:30-22:40,49.99533333333329
2025-08-24,23:10-23:30,94.95599333333337
2025-08-25,0:40-0:50,6.381463333333386
2025-08-25,1:10-1:30,60.99200999999994
2025-08-25,4:10-4:30,47.672986666666475
2025-08-25,5:00-5:10,19.951666666666597
2025-08-25,6:30-6:50,73.12730356399152
2025-08-25,7:10-7:20,8.576372402646484
2025-08-25,10:20-10:30,19.261573656751693
2025-08-25,15:20-15:30,55.89935400425253
2025-08-25,19:30-19:50,27.47726
2025-08-25,22:50-23:00,1.8580608546866415
2025-08-25,23:20-23:40,37.67900561045053
2025-08-26,1:20-1:30,14.601916666666739
2025-08-26,2:50-3:00,2.4157866666666905
2025-08-26,3:50-4:00,0.29089666666675384
2025-08-26,4:20-4:30,7.7989299999999275
2025-08-26,6:10-6:30,19.81440917166981
2025-08-26,6:40-6:50,0.9613723256328512
2025-08-26,7:30-8:00,52.3423772814015
2025-08-26,9:30-9:40,6.972773651005355
2025-08-26,12:30-12:40,15.71626152190106
2025-08-26,13:10-13:20,11.529927933309438
2025-08-26,16:50-17:10,17.883463281449053
2025-08-26,20:40-20:50,16.36879654383199
2025-08-26,21:20-21:30,8.358106380974391
2025-08-26,23:30-23:40,1.691996403280882
2025-08-27,0:10-0:20,3.038369999999759
2025-08-27,1:20-1:30,11.123309999999947
2025-08-27,1:40-1:50,4.811743333333197
2025-08-27,2:20-2:30,5.302356666666697
2025-08-27,3:40-3:50,22.089576666666858
2025-08-27,4:20-4:30,22.21984999999995
2025-08-27,5:10-5:30,12.721001111111036
2025-08-27,6:10-6:20,5.633272892090531
2025-08-27,8:00-8:10,54.944473427869866
2025-08-27,14:30-14:40,10.347372588522944
2025-08-27,16:00-16:20,9.446950048307485
2025-08-27,18:30-18:40,23.650830673081487
2025-08-27,19:00-19:10,24.674635432648643
2025-08-27,21:50-22:00,15.329210822650566
2025-08-28,1:10-1:20,7.308860000000095
2025-08-28,1:40-1:50,3.190246666666667
2025-08-28,2:10-2:30,43.13363666666646
2025-08-28,4:40-4:50,7.474989999999821
2025-08-28,6:00-6:30,109.35692849379882
2025-08-28,7:00-7:10,21.241279078559785
2025-08-28,7:40-8:00,14.844513005328736
2025-08-28,9:10-10:20,245.04781348533905
2025-08-28,10:30-11:20,243.89848190894293
2025-08-28,12:00-12:30,133.91032678151123
2025-08-28,12:40-13:10,50.466843154213905
2025-08-28,13:50-14:00,0.8943324797634347
2025-08-28,15:00-15:20,74.25663762000991
2025-08-28,17:10-17:40,179.12836596253862
2025-08-28,18:30-18:40,44.700933089560635
2025-08-28,19:00-19:10,49.46666666666658
2025-08-28,20:00-20:20,48.85849694540707
2025-08-28,21:20-22:00,31.085680828433624
2025-08-28,23:00-23:10,59.95972264788975
2025-08-29,0:50-1:10,66.7452933333334
2025-08-29,6:20-6:30,1.682329674338007
2025-08-29,7:10-7:40,53.09885959546173
2025-08-29,12:10-12:20,3.6977275169695076
2025-08-29,13:00-13:10,11.101539910296196
2025-08-29,20:10-20:30,111.96008563052885
2025-08-29,20:50-21:00,0.8503899999999476
2025-08-29,22:00-22:10,3.0113333333333685
2025-08-29,22:50-23:10,21.19795666666664
2025-08-29,23:40-23:50,3.464858529269918
2025-08-30,0:10-0:20,5.612323333333393
2025-08-30,0:50-1:10,44.5607366666668
2025-08-30,1:30-1:50,33.208089999999856
2025-08-30,2:00-2:20,29.32839999999976
2025-08-30,4:10-4:20,0.515166666666687
2025-08-30,4:40-4:50,11.65652
2025-08-30,5:20-5:40,15.77525222222215
2025-08-30,13:00-13:20,28.363165289794665
2025-08-30,17:40-18:00,22.123565953661227
2025-08-30,18:10-18:30,35.678206316132105
2025-08-30,19:10-19:30,17.40248947174439
2025-08-30,20:50-21:00,22.621477493734233
2025-08-30,22:40-22:50,3.1165066666665098
2025-08-30,23:20-23:50,65.02500164318747
2025-08-31,2:00-2:10,3.73599999999999
2025-08-31,4:20-4:40,42.408366666666325
2025-08-31,5:50-6:00,36.01122388888905
2025-08-31,7:10-8:00,212.02358740815916
2025-08-31,8:40-9:00,17.60968182566171
2025-08-31,11:00-11:10,13.477416711458261
2025-08-31,12:40-13:20,242.00507637452858
2025-08-31,14:50-15:00,43.77589180267104
2025-08-31,15:10-15:30,34.90881558665825
2025-08-31,15:40-16:20,240.0868830719922
2025-08-31,16:40-17:10,101.35093469241474
2025-08-31,19:10-19:30,27.561711855224075
2025-08-31,20:10-20:30,32.27501415508493
2025-08-31,23:00-23:10,37.788333333333185
2025-09-01,8:10-8:20,28.144666372081474
2025-09-02,5:50-6:00,52.37924888888881
2025-09-02,6:10-6:20,4.083372036103015
2025-09-02,7:00-7:20,39.58994445744895
2025-09-02,8:00-8:10,7.198293573911997
2025-09-02,8:40-9:30,244.73175649685547
2025-09-02,16:00-16:10,7.078653333333364
2025-09-03,6:20-7:00,159.89662265257
2025-09-03,7:10-7:30,29.9188075597678
2025-09-03,7:40-8:00,66.84461873251439
2025-09-03,9:10-10:00,171.8852229663627
2025-09-04,6:10-6:30,61.41024896195563
2025-09-04,6:40-7:00,46.981402418853634
2025-09-04,8:00-8:10,65.02844237174276
2025-09-04,8:30-9:00,127.15326421923568
2025-09-04,10:10-10:30,88.38464301778453
2025-09-04,11:00-11:10,21.811706333058737
2025-09-04,11:30-12:10,316.7280616174345
2025-09-04,15:20-15:40,42.37904394901901
2025-09-05,6:20-6:30,4.421720223703062
2025-09-05,12:40-13:00,77.70097355504731
2025-09-06,5:50-6:00,2.647373888888751
2025-09-06,6:30-6:40,10.017046479794658
2025-09-07,5:30-5:40,4.874031666666724
2025-09-07,6:40-7:10,135.04520372857831
2025-09-07,8:00-8:30,183.14197851186077
2025-09-07,9:10-9:20,22.807938090011504
2025-09-07,9:50-10:10,38.1517433461523
2025-09-07,21:10-21:20,12.647245776802151
2025-09-07,0:00-0:10+1,13.973741866477326
2025-09-08,1:00-1:10,2.5663333333333185
2025-09-08,2:00-2:10,5.226999999999975
2025-09-08,2:30-2:40,6.04533333333336
2025-09-08,3:50-4:10,18.218836666666675
2025-09-08,4:40-5:00,69.2308233333332
2025-09-08,5:10-5:30,4.827145555555489
2025-09-08,5:50-6:20,34.21067222248337
2025-09-08,16:40-18:10,242.4067588843136
2025-09-08,18:30-18:40,1.8068233333331136
2025-09-08,20:20-20:30,23.477371438304317
2025-09-08,21:00-21:20,31.01858609107353
2025-09-08,21:30-22:00,52.64457333333348
2025-09-08,22:50-23:10,38.531476666667004
2025-09-08,23:50-0:10+1,87.26202428335512
2025-09-09,1:10-1:20,2.198723333333419
2025-09-09,2:00-2:50,32.90443000000016
2025-09-09,3:00-3:30,24.576720000000137
2025-09-09,4:10-4:30,31.084080000000085
2025-09-09,7:30-7:40,11.315023932861493
2025-09-09,11:50-12:00,17.570429931395722
2025-09-09,14:40-15:00,39.9125580914672
2025-09-09,15:40-15:50,35.1046791655902
2025-09-09,16:10-17:10,328.9574629759995
2025-09-09,17:40-18:40,109.54145400806306
2025-09-09,20:20-20:40,93.77610795837029
2025-09-09,21:20-21:40,42.28084333333334
2025-09-09,22:00-22:10,9.569333333333589
2025-09-09,23:00-23:20,10.713303333333215
2025-09-09,0:00-0:10+1,52.48506556210191
2025-09-10,0:40-1:10,64.58200333333275
2025-09-10,1:30-2:00,128.2885299999998
2025-09-10,2:30-2:40,1.245333333333292
2025-09-10,3:30-4:00,76.96034333333341
2025-09-10,6:00-6:10,0.029583333333221162
2025-09-10,13:20-13:30,18.653979642053315
2025-09-10,15:00-15:10,10.220285017926102
2025-09-10,15:30-15:40,19.059950571603338
2025-09-10,16:00-16:10,21.552979270291758
2025-09-10,17:10-17:40,58.80402917383856
2025-09-10,18:00-18:10,14.336260000000152
2025-09-10,19:40-20:00,45.44858387353861
2025-09-10,20:20-20:40,118.7314231987782
2025-09-10,21:40-22:00,18.4531166666668
2025-09-10,0:00-0:10+1,41.80082026800608
2025-09-11,0:10-0:30,76.51126000000022
2025-09-11,1:10-1:30,4.181590000000142
2025-09-11,2:00-2:20,21.761926666666568
2025-09-11,3:30-3:40,11.17466666666678
2025-09-11,8:20-8:50,106.64834038392269
2025-09-11,12:30-12:40,0.8790151361568519
2025-09-11,15:50-16:00,0.4878271644883512
2025-09-11,17:30-17:40,17.965780316866585
2025-09-11,20:30-20:40,32.56738569947356
2025-09-11,21:00-21:40,149.65084999999965
2025-09-11,22:30-22:50,97.66961333333325
2025-09-12,0:20-0:50,40.143246666666585
2025-09-12,1:10-1:20,13.34212999999994
2025-09-12,2:30-3:10,51.996563333333484
2025-09-12,3:40-4:10,82.20171000000005
2025-09-12,4:30-4:50,10.004209999999887
2025-09-12,7:30-7:50,93.15125965828177
2025-09-12,13:30-13:40,10.886676398354325
2025-09-12,17:20-17:30,15.944186929081582
2025-09-12,17:50-18:10,36.48407611111122
2025-09-12,18:40-18:50,8.452627176102851
2025-09-12,21:10-21:30,105.92034353176791
2025-09-12,22:10-22:20,6.741233456440796
2025-09-12,22:40-23:00,26.20672999999988
2025-09-12,23:20-23:30,5.436301061018071
2025-09-13,0:10-0:30,76.69884666666661
2025-09-13,4:10-4:30,39.62609666666668
2025-09-13,4:50-5:10,10.97912000000008
2025-09-13,13:50-14:00,0.9295675835566044
2025-09-13,14:20-14:30,5.067978848550183
2025-09-13,16:10-16:30,66.80147244509979
2025-09-13,16:40-17:00,96.21166892280502
2025-09-13,17:10-17:30,66.42693388888893
2025-09-13,17:50-18:00,10.214604444444603
2025-09-13,18:40-18:50,1.8401831721009785
2025-09-13,19:20-19:30,24.35390281582204
2025-09-13,20:50-21:10,59.49611666666658
2025-09-13,21:50-22:20,41.390469478477485
2025-09-13,22:40-23:00,47.1027266666668
2025-09-14,0:10-0:20,3.7713766666668107
2025-09-14,0:40-1:00,37.646553333333486
2025-09-14,2:20-2:30,3.0536999999998216
2025-09-14,3:00-3:20,42.128876666666656
2025-09-14,3:40-3:50,7.312646666666637
2025-09-14,4:10-4:20,22.357560000000035
2025-09-14,4:40-5:00,47.88061999999991
2025-09-14,15:30-15:40,29.746263784309463
2025-09-14,18:20-18:40,56.56637666666677
2025-09-14,19:20-19:30,22.191706672072428
2025-09-14,20:00-20:10,25.703701630695036
2025-09-14,20:50-21:10,83.18301666666673
2025-09-14,21:40-22:40,165.86941333333334
2025-09-14,23:00-23:40,112.94303999999966
2025-09-15,0:10-0:20,11.075199999999995
2025-09-15,0:40-1:00,79.25950333333344
2025-09-15,1:30-2:00,82.84389666666664
2025-09-15,2:10-2:20,3.1547733333334236
2025-09-15,3:30-3:40,12.08800000000008
2025-09-15,6:40-6:50,7.593239922983798
2025-09-15,7:30-8:10,86.68531095649266
2025-09-15,8:50-9:50,89.10015108262277
2025-09-15,11:10-11:20,8.204026557131442
2025-09-15,11:40-12:00,85.87532407035684
2025-09-15,13:00-13:10,10.2186995558705
2025-09-15,15:00-15:30,70.97908250835593
2025-09-15,15:50-16:10,7.790947993716998
2025-09-15,18:00-18:10,22.334049999999934
2025-09-15,18:50-19:20,36.237652993755546
2025-09-15,19:40-20:10,98.80959160671125
2025-09-15,20:20-20:30,1.6708372676445151
2025-09-15,20:50-21:00,0.4377966666665998
2025-09-15,22:30-22:50,58.852783333333264
2025-09-15,23:30-23:50,31.359429255019222
2025-09-16,0:10-0:40,114.17958999999996
2025-09-16,1:20-1:30,2.1992766666667194
2025-09-16,1:50-2:00,2.4231466666666392
2025-09-16,2:40-3:00,39.023270000000025
2025-09-16,3:10-3:30,10.224079999999844
2025-09-16,3:40-4:20,93.11397999999986
2025-09-16,17:00-17:50,95.45405391858105
2025-09-16,18:40-19:00,34.669955555555475
2025-09-16,19:20-19:30,39.99372194490002
2025-09-16,19:50-20:10,23.273614599793177
2025-09-16,20:30-21:00,73.01363409606984
2025-09-16,21:10-21:20,7.504493968597444
2025-09-16,21:40-22:00,44.75072666666654
2025-09-16,22:30-22:40,4.799999999999727
2025-09-16,23:20-23:50,106.042323333333
2025-09-16,0:00-0:10+1,15.789493826753414
2025-09-17,0:10-0:40,16.448439999999664
2025-09-17,2:40-3:10,28.305736666666576
2025-09-17,3:30-3:40,22.843000000000075
2025-09-17,4:00-4:10,0.733666666666636
2025-09-17,5:00-5:10,16.187999999999874
2025-09-17,5:30-5:40,5.764206666666496
2025-09-17,11:50-12:00,23.763584749891834
2025-09-17,17:40-17:50,13.004401111111292
2025-09-17,19:10-19:30,33.650880652184696
2025-09-17,20:00-20:20,33.36721018946321
2025-09-17,21:20-21:30,22.58709666666664
2025-09-17,22:40-23:00,100.80540711278002
2025-09-17,23:30-0:10+1,86.38296157700563
2025-09-18,0:40-1:00,17.89510333333351
2025-09-18,1:40-1:50,9.755503333333309
2025-09-18,2:20-2:30,4.090059999999994
2025-09-18,3:00-3:10,6.034666666666794
2025-09-18,3:40-4:10,45.91214000000002
2025-09-18,4:50-5:10,2.7363266666667414
2025-09-18,6:00-6:10,6.269593333333546
2025-09-18,12:10-12:20,40.36764421029693
2025-09-18,16:10-16:30,29.11603443775732
2025-09-18,17:00-17:10,16.9834166666667
2025-09-18,17:40-18:00,24.51439862424627
2025-09-18,19:00-19:20,72.72436914100945
2025-09-18,19:40-20:00,77.66009650220622
2025-09-18,20:20-20:30,39.22982530679019
2025-09-18,21:40-22:00,81.0794171616576
2025-09-18,22:20-22:30,21.065630000000056
2025-09-18,23:00-23:20,9.794040000000109
2025-09-18,23:40-0:00+1,76.17957480179336
2025-09-19,1:00-2:10,205.95012999999977
2025-09-19,3:00-3:20,38.1150100000001
2025-09-19,4:30-5:10,44.9047699999997
2025-09-19,6:20-6:30,3.3529625127786176
2025-09-19,13:50-14:10,25.893170818045746
2025-09-19,16:00-16:20,25.95859859522922
2025-09-19,17:40-17:50,9.778997777777704
2025-09-19,18:10-18:20,0.9661388974916463
2025-09-19,18:50-19:00,8.173200008898334
2025-09-19,19:50-20:20,23.71183757102142
2025-09-19,21:30-21:40,14.20700290231548
2025-09-19,22:30-22:50,40.537109999999984
2025-09-19,23:50-0:10+1,21.549406666666584
2025-09-20,1:00-1:20,37.536053333333314
2025-09-20,1:50-2:00,15.525313333333315
2025-09-20,2:30-2:50,35.58242333333345
2025-09-20,3:10-4:10,130.83816333333328
2025-09-20,7:00-7:10,7.786616922489941
2025-09-20,7:30-8:00,47.11309189442983
2025-09-20,15:30-16:00,149.85316989981453
2025-09-20,16:30-16:40,30.784413693989137
2025-09-20,17:30-17:40,5.978911050924296
2025-09-20,18:10-18:20,6.2246164573206215
2025-09-20,19:00-19:20,90.89967303339688
2025-09-20,19:50-20:10,46.819841571298866
2025-09-20,20:30-20:40,25.377763553276736
2025-09-20,21:00-21:10,0.48166666666656965
2025-09-20,22:20-22:40,43.06165666666669
2025-09-20,23:50-0:10+1,45.80778949407039
2025-09-21,0:30-1:10,28.07967333333295
2025-09-21,1:30-1:40,34.41233333333321
2025-09-21,2:30-2:50,33.93666000000019
2025-09-21,3:10-3:30,55.54546333333326
2025-09-21,4:30-4:40,8.92100000000005
2025-09-21,5:50-6:00,14.013189444444265
2025-09-21,6:10-6:20,7.621570516179645
2025-09-21,13:20-13:40,19.312762138153147
2025-09-21,17:20-17:30,1.6539022222220865
2025-09-21,18:50-19:10,74.55880373279399
2025-09-21,19:30-19:50,60.267332604942794
2025-09-21,20:30-20:50,23.68530657562144
2025-09-21,21:10-21:30,55.323583333333204
2025-09-21,22:50-23:00,14.84178333333341
2025-09-22,0:20-0:50,56.67011333333335
2025-09-22,1:20-1:30,9.35905333333335
2025-09-22,2:40-3:30,102.07647666666662
2025-09-22,3:40-3:50,3.2862733333333836
2025-09-22,5:10-5:30,32.03021111111116
2025-09-22,10:50-11:10,52.51719370511421
2025-09-22,14:00-14:10,1.8479081457631992
2025-09-22,16:20-16:40,40.82065373408659
2025-09-22,17:10-17:30,45.46390184732479
2025-09-22,19:50-20:20,23.71832439194816
2025-09-22,21:10-22:10,182.23751056098695
2025-09-22,23:00-23:30,62.1984346948675
2025-09-23,0:50-1:00,15.989763333333258
2025-09-23,2:20-2:30,15.48144666666667
2025-09-23,5:00-5:20,43.826377777777566
2025-09-23,6:10-6:40,13.799230136577648
2025-09-23,9:40-9:50,2.2076099856939706
2025-09-23,14:00-14:20,34.265254401162764
2025-09-23,16:00-16:10,14.527972919432841
2025-09-23,18:20-18:30,4.042900578781882
2025-09-23,20:10-20:40,82.7731268875051
2025-09-23,21:00-21:20,74.8497790903159
2025-09-23,21:30-21:40,29.53066666666666
2025-09-23,22:30-22:40,20.215000000000146
2025-09-23,23:40-23:50,1.960082817151374
2025-09-24,0:20-0:30,7.434976666666671
2025-09-24,1:30-2:00,54.216346666666595
2025-09-24,2:20-2:40,40.996009999999956
2025-09-24,3:00-3:30,50.28896666666651
2025-09-24,3:40-4:00,40.897800000000075
2025-09-24,4:20-4:30,18.11307666666653
2025-09-24,4:40-5:10,29.56382999999994
2025-09-24,6:20-6:30,19.019372717642455
2025-09-24,6:40-7:00,32.566115260037236
2025-09-24,10:20-10:30,4.457476659990888
2025-09-24,11:00-11:10,14.888549439993056
2025-09-24,11:30-12:10,98.59800897453778
2025-09-24,12:30-13:00,211.1138370714981
2025-09-24,15:10-15:40,83.0631275201284
2025-09-24,17:10-17:30,27.873721190088872
2025-09-24,17:50-18:00,9.024334524432788
2025-09-24,18:30-18:40,3.810335000000009
2025-09-24,19:40-20:00,63.65302570922779
2025-09-24,20:30-20:40,1.9220178375273917
2025-09-24,23:10-23:30,14.249773333333337
2025-09-24,23:50-0:00+1,6.1968466666667155
2025-09-25,0:30-0:50,129.7928466666665
2025-09-25,1:20-1:40,33.05287333333354
2025-09-25,2:10-2:30,12.714393333333305
2025-09-25,3:00-3:30,76.90449333333322
2025-09-25,4:40-5:00,23.898196666666763
2025-09-25,5:10-5:20,10.773826666666764
2025-09-25,6:30-6:50,28.89143829868044
2025-09-25,15:00-15:10,3.1058621648240887
2025-09-25,15:50-16:00,4.186826666666491
2025-09-25,16:40-16:50,5.166686159918299
2025-09-25,17:20-17:30,8.626994291966412
2025-09-25,17:50-18:10,52.563348614446
2025-09-25,18:40-19:10,173.76758780961336
2025-09-25,21:00-21:30,99.60884666666652
2025-09-25,22:00-22:10,25.920666666666875
2025-09-25,22:40-23:40,121.30437735169585
2025-09-25,0:00-0:10+1,9.915333333333365
2025-09-26,0:40-0:50,6.548993333333499
2025-09-26,2:10-2:30,23.992209999999886
2025-09-26,3:30-3:40,10.660666666666657
2025-09-26,4:10-4:30,42.412620000000004
2025-09-26,14:40-14:50,1.4732562976601002
2025-09-26,17:30-17:40,0.645982923546228
2025-09-26,19:30-19:40,41.72515039679672
2025-09-26,20:00-20:10,26.3562716687685
2025-09-26,21:50-22:20,63.6616600000001
2025-09-26,23:30-0:00+1,68.48944696459324
2025-09-27,0:30-0:50,46.008863333333466
2025-09-27,1:10-1:30,48.30790333333317
2025-09-27,3:00-3:20,29.186373333333222
2025-09-27,4:30-4:50,86.00808999999998
2025-09-27,5:20-5:30,15.134506666666653
2025-09-27,5:40-6:00,42.95695499999988
2025-09-27,6:10-6:30,8.880580795262006
2025-09-27,6:40-7:00,4.568608828381002
2025-09-27,14:50-15:20,33.03542733881544
2025-09-27,16:00-16:30,59.68064567110105
2025-09-27,17:40-18:00,69.03041166666651
2025-09-27,18:20-19:00,96.89434098573577
2025-09-27,19:30-19:50,75.42612079168055
2025-09-27,21:10-22:00,228.82941405249176
2025-09-27,22:50-23:00,11.460463333333394
2025-09-27,23:10-0:00+1,160.33197101146175
2025-09-28,0:10-0:40,49.129166666666606
2025-09-28,1:10-1:20,6.3205299999999625
2025-09-28,1:50-2:30,45.81908999999996
2025-09-28,3:30-3:40,4.005333333333397
2025-09-28,5:00-5:10,16.15700000000004
2025-09-28,6:30-6:40,9.8156438088389
2025-09-28,7:10-7:30,22.34479148228985
2025-09-28,14:30-14:40,13.912287832150703
2025-09-28,15:00-15:50,201.88072759418503
2025-09-28,17:30-18:00,179.44147181333994
2025-09-28,19:30-19:50,34.72144269163857
2025-09-28,22:10-22:40,56.10883772106183
2025-09-28,23:10-23:30,78.41759961372293
2025-09-28,23:40-0:10+1,77.81510832353842
2025-09-29,0:30-0:40,42.000666666666575
2025-09-29,1:30-1:40,0.22700000000008913
2025-09-29,2:20-2:40,22.951866666666774
2025-09-29,3:10-3:30,57.612453333333406
2025-09-29,4:00-4:10,3.6153333333334103
2025-09-29,4:40-5:00,31.9849333333334
2025-09-29,6:00-6:20,56.18825494046723
2025-09-29,9:40-10:00,120.80193557166811
2025-09-29,10:30-11:00,68.89234024988411
2025-09-29,11:10-11:30,125.42377488847319
2025-09-29,11:50-12:10,77.56248372052681
2025-09-29,13:00-13:10,26.99461697677333
2025-09-29,14:30-14:40,13.259807907635162
2025-09-29,18:40-19:10,123.55794329119385
2025-09-29,19:20-19:40,64.48404906209316
2025-09-29,20:30-21:00,81.05595183612809
2025-09-29,22:20-22:50,54.55915585429648
2025-09-29,23:50-0:10+1,91.99908267428918
2025-09-30,0:10-0:40,72.74828333333357
2025-09-30,1:20-1:40,14.412663333333285
2025-09-30,2:30-2:40,4.843999999999824
2025-09-30,3:00-3:20,38.32812333333334
2025-09-30,3:30-3:50,23.25572666666676
2025-09-30,4:10-4:30,18.840569999999957
2025-09-30,4:40-5:10,63.63612000000012
2025-09-30,6:50-7:00,11.285678058379972
2025-09-30,10:10-10:20,16.61844999999994
2025-09-30,12:10-12:20,8.901243097558847
2025-09-30,18:00-18:10,15.47900333333348
2025-09-30,19:00-19:10,6.324040582573616
2025-09-30,20:10-20:20,25.172690000000102
2025-09-30,20:40-21:00,55.635889912507764
2025-09-30,22:10-22:20,32.27871333333337
2025-09-30,22:50-23:00,4.016807576806059
2025-09-30,23:10-23:30,47.30337749798889
2025-09-30,23:50-0:10+1,30.954599999999914
2025-10-01,0:40-0:50,12.994033333333164
2025-10-01,2:00-2:10,10.802000000000021
2025-10-01,4:00-4:10,18.286666666666633
2025-10-01,4:30-4:40,23.579000000000065
2025-10-01,6:00-6:10,13.836646666666525
2025-10-02,1:40-2:00,9.068790000000035
2025-10-02,2:30-2:50,51.327789999999936
2025-10-02,4:30-4:40,4.854333333333216
2025-10-02,5:30-6:10,77.47366444444401
2025-10-02,17:30-17:40,4.820028667496899
2025-10-02,22:10-22:30,18.378659999999854
2025-10-03,0:50-1:50,68.90449333333345
2025-10-03,3:20-3:30,3.1400133333333997
2025-10-03,3:50-4:10,24.0481033333333
2025-10-03,4:30-4:40,23.33966666666663
2025-10-03,13:40-14:00,90.97128774055523
2025-10-03,14:10-14:30,28.300774111636315
2025-10-03,14:40-14:50,5.70682074264505
2025-10-03,17:20-17:30,0.636163606611376
2025-10-04,2:40-3:00,9.568739999999934
2025-10-04,4:20-4:30,4.481773333333251
2025-10-04,5:00-5:10,34.276666666666586
2025-10-04,6:00-6:40,61.63585099060981
2025-10-04,7:10-7:30,47.37050291252163
2025-10-04,13:30-14:10,128.0307730698945
2025-10-04,15:40-16:00,60.86439846746356
2025-10-05,0:50-1:30,58.28777666666656
2025-10-05,2:50-3:10,61.10742999999991
2025-10-05,4:50-5:10,8.548329999999964
2025-10-05,6:20-6:30,10.604744399717674
2025-10-06,1:50-2:10,34.33118333333334
2025-10-06,3:30-3:40,20.11999999999989
2025-10-06,5:10-5:30,4.038903333333451
2025-10-06,6:30-7:00,89.29328515029556
2025-10-06,7:10-7:30,33.86575997048544
2025-10-06,9:10-10:20,165.9054865172873
2025-10-06,11:00-11:10,22.850838496178483
2025-10-06,11:30-12:30,311.84395811866557
2025-10-06,14:10-14:20,21.3887264441867
2025-10-06,15:00-15:20,89.4300492099025
2025-10-06,22:10-22:20,5.5961399999998775
2025-10-07,1:30-1:50,24.723480000000222
2025-10-07,2:00-2:10,8.354333333333216
2025-10-07,2:50-3:00,19.138513333333435
2025-10-07,5:20-5:30,3.9964166666666188
2025-10-07,5:50-6:00,3.257446666666624
2025-10-07,6:10-6:40,89.32165558780753
2025-10-07,7:30-7:40,3.2220485786194786
2025-10-07,15:30-15:50,32.20887662835213
2025-10-08,1:00-1:10,38.92199999999991
2025-10-08,1:40-1:50,0.12225999999998294
2025-10-08,2:40-3:00,7.9065433333333885
2025-10-08,4:50-5:10,14.029563333333158
2025-10-08,6:10-7:00,128.06448312356156
2025-10-08,7:10-7:50,75.31487738592313
2025-10-08,8:10-8:30,28.63602129874846
2025-10-08,17:10-18:30,182.1544000349138
2025-10-08,19:10-19:30,6.346254444105853
2025-10-08,20:20-20:30,4.621708764815821
2025-10-08,20:40-20:50,7.3517163777910355
2025-10-08,22:00-22:10,4.159666666666908
2025-10-09,0:30-0:40,9.94066666666663
2025-10-09,5:00-5:10,22.757999999999925
2025-10-09,5:40-5:50,9.727386666666689
2025-10-09,6:20-6:30,34.57816066437033
2025-10-09,8:50-9:10,16.08756062366109
2025-10-09,9:40-10:00,59.79729709147693
2025-10-09,12:20-12:30,25.00558630725658
2025-10-09,17:30-18:10,75.00311630719546
2025-10-09,19:00-19:30,23.107866111418502
2025-10-09,20:40-21:10,79.2893115751798
2025-10-09,21:40-21:50,11.53012571143563
2025-10-09,23:00-23:10,7.564000000000306
2025-10-10,0:10-0:30,61.96016666666662
2025-10-10,1:00-1:20,32.817319999999825
2025-10-10,1:50-2:00,1.5562433333333274
2025-10-10,2:10-2:30,9.404170000000022
2025-10-10,3:40-3:50,11.910020000000088
2025-10-10,4:50-5:00,16.143593333333342
2025-10-10,5:10-5:30,25.470470000000034
2025-10-10,6:30-6:40,4.954173624443058
2025-10-10,7:10-7:30,52.05301160809205
2025-10-10,14:30-14:40,6.7647179636970804
2025-10-10,16:00-16:10,8.879838286536533
2025-10-10,17:10-18:00,185.8671546475278
2025-10-10,20:20-20:30,16.63409443639381
2025-10-10,21:00-21:10,16.818999999999903
2025-10-10,21:30-21:40,44.60266666666672
2025-10-10,22:10-22:40,83.29604333333293
2025-10-10,23:00-23:10,9.216666666666697
2025-10-10,0:00-0:10+1,19.89400000000012
2025-10-11,1:30-1:40,3.424000000000035
2025-10-11,2:10-2:20,8.023656666666682
2025-10-11,3:40-3:50,8.48578666666674
2025-10-11,12:30-12:40,33.74526680278507
2025-10-11,16:30-16:40,13.892873333333341
2025-10-11,17:30-18:10,120.8668474963049
2025-10-11,19:00-19:10,22.35172670748682
2025-10-11,19:20-19:40,27.83642034355165
2025-10-11,20:10-20:40,46.172600410711595
2025-10-11,21:30-21:40,4.329000000000121
2025-10-11,22:30-22:40,9.538333333333185
2025-10-12,1:50-2:10,40.45229999999992
2025-10-12,2:30-2:40,2.667666666666605
2025-10-12,3:50-4:00,4.391343333333452
2025-10-12,5:20-5:30,3.1983600000000934
2025-10-12,6:10-6:30,43.685853311171854
2025-10-12,8:10-8:30,24.781059425585283
2025-10-12,8:50-9:10,49.60077488776187
2025-10-12,14:00-14:10,5.179482045760949
2025-10-12,14:30-15:20,128.43792156468106
2025-10-12,15:40-17:40,582.1442511077257
2025-10-12,18:10-18:30,36.81712466675003
2025-10-12,18:50-19:30,66.21574799874304
2025-10-12,19:40-20:10,34.85426619523935
2025-10-12,22:10-22:30,40.736573563522484
2025-10-12,23:00-23:10,0.8606666666664751
2025-10-12,23:20-23:30,6.473007718580675
2025-10-12,23:40-0:00+1,20.005443273258606
2025-10-13,1:30-1:40,24.158999999999878
2025-10-13,2:00-2:10,5.431333333333214
2025-10-13,4:40-5:10,29.92279000000019
2025-10-13,6:00-6:10,6.6459999999998445
2025-10-13,6:30-6:40,4.969801631546829
2025-10-13,8:30-8:40,13.041169011463126
2025-10-13,12:20-13:10,190.99761109127712
2025-10-13,14:00-14:10,30.281620152830556
2025-10-13,14:30-15:00,184.87478820652584
2025-10-13,16:40-17:00,20.523222398599273
2025-10-13,17:20-17:30,10.87484888888855
2025-10-13,17:40-18:00,15.370521666666832
2025-10-13,19:40-19:50,16.443972106809497
2025-10-13,21:50-22:10,16.6476466666669
2025-10-13,22:30-22:40,2.8185158704245623
2025-10-14,2:10-2:30,42.971529999999916
2025-10-14,3:20-4:00,57.47254999999984
2025-10-14,4:50-5:00,6.579906666666716
2025-10-14,6:20-7:50,177.26870290503564
2025-10-14,9:20-9:50,61.23495904151898
2025-10-14,10:30-11:30,309.52516444828404
2025-10-14,11:40-12:10,206.25793558579164
2025-10-14,18:00-18:20,43.384348779243055
2025-10-14,19:10-19:30,40.58859035748003
2025-10-14,20:00-20:10,0.06541611075329001
2025-10-14,20:20-20:30,20.29095679488671
2025-10-14,21:10-21:20,0.24824999999998454
2025-10-14,22:10-22:30,33.059013333333496
2025-10-14,23:30-23:50,72.86942608480479
2025-10-15,0:40-1:00,57.531943333333174
2025-10-15,1:20-1:30,19.794463333333283
2025-10-15,2:00-2:10,22.163999999999987
2025-10-15,4:10-4:30,43.24617999999998
2025-10-15,10:10-10:20,9.335994014207628
2025-10-15,11:10-11:20,16.906814184193877
2025-10-15,11:50-12:10,66.69988148367491
2025-10-15,13:20-13:40,17.153321065262205
2025-10-15,17:30-17:50,23.449411111111317
2025-10-15,18:40-19:00,29.054445495018456
2025-10-15,21:00-21:30,49.28533686418723
2025-10-15,22:10-22:20,0.7809366666667756
2025-10-16,0:20-0:30,5.484709999999723
2025-10-16,1:00-1:10,7.333999999999946
2025-10-16,1:50-2:00,0.7284333333333279
2025-10-16,2:30-3:00,32.26872000000003
2025-10-16,4:00-4:10,0.94399999999996
2025-10-16,5:10-5:30,85.48276666666663
2025-10-16,6:00-6:10,1.3857066666665787
2025-10-16,6:30-6:40,9.71653003079848
2025-10-16,7:00-7:10,2.0962675340241503
2025-10-16,7:30-7:40,9.977946733475221
2025-10-16,12:00-12:10,25.869891308668457
2025-10-16,15:10-15:30,15.273980126542426
2025-10-16,16:00-16:20,12.244501801545198
2025-10-16,16:50-17:10,42.249677130936334
2025-10-16,17:30-17:40,16.17035666666652
2025-10-16,18:40-19:00,30.63369012075566
2025-10-16,19:40-20:00,25.446240413987198
2025-10-16,21:50-22:00,5.200363333333485
2025-10-16,22:40-22:50,12.12491
2025-10-16,0:00-0:10+1,6.501950844661508
2025-10-17,2:30-2:40,9.266999999999996
2025-10-17,3:30-3:40,17.884333333333245
2025-10-17,5:30-5:40,3.583666666666602
2025-10-17,6:40-7:00,57.92302009026372
2025-10-17,12:00-12:10,7.365524766232284
2025-10-17,12:50-13:10,10.097958022866123
2025-10-17,16:50-17:00,12.969906845800324
2025-10-17,17:10-17:20,8.06689304893581
2025-10-17,18:40-19:00,35.514763626628906
2025-10-17,19:10-19:30,33.32787736628359
2025-10-17,19:50-20:10,43.64797325745633
2025-10-17,20:50-21:00,7.040594377729349
2025-10-17,21:40-22:10,54.00958666666651
2025-10-17,23:10-23:30,29.541345308865345
2025-10-17,23:40-23:50,25.996686062920503
2025-10-18,0:30-1:10,103.61457999999976
2025-10-18,2:00-2:10,17.188999999999965
2025-10-18,3:00-3:10,32.02933333333334
2025-10-18,3:30-3:40,13.18633333333338
2025-10-18,4:00-4:10,2.445666666666739
2025-10-18,5:00-5:10,40.44166666666666
2025-10-18,5:30-5:40,2.4666666666665833
2025-10-18,8:00-8:10,21.64166666666665
2025-10-18,14:40-14:50,23.946756506405222
2025-10-18,16:40-16:50,9.888683919994719
2025-10-18,19:50-20:00,0.29118107668256243
2025-10-18,21:00-21:10,12.221874579392363
2025-10-18,21:40-22:30,128.28569556985286
2025-10-18,23:20-23:40,11.725204407386855
2025-10-19,0:20-0:40,18.868883333333542
2025-10-19,1:00-1:40,88.77775666666662
2025-10-19,3:20-3:30,6.72067333333348
2025-10-19,3:50-4:10,9.976959999999963
2025-10-19,4:30-4:40,46.53500000000008
2025-10-19,5:00-5:10,10.469000000000165
2025-10-19,5:50-6:10,2.583846666666659
2025-10-19,6:30-6:50,72.86647505406665
2025-10-19,7:30-7:50,59.912080686064655
2025-10-19,8:20-8:30,29.488557646083564
2025-10-19,13:10-13:20,62.03946296167774
2025-10-19,14:10-14:20,10.212305741116744
2025-10-19,17:20-17:40,7.389186404973088
2025-10-19,18:30-19:00,35.0929160015113
2025-10-19,19:10-19:20,3.0405332393720528
2025-10-19,20:40-21:00,29.644425747070386
2025-10-19,21:30-21:40,26.552333333333422
2025-10-20,1:10-1:30,34.46819999999991
2025-10-20,2:30-3:00,51.55967333333342
2025-10-20,3:30-3:40,6.5413333333332275
2025-10-20,3:50-4:10,11.025130000000104
2025-10-20,5:30-5:50,21.023170000000277
2025-10-20,13:20-13:40,23.789534743565092
2025-10-20,16:20-16:30,5.569696697450013
2025-10-20,17:30-17:40,2.7725000000000364
2025-10-20,18:40-19:00,14.88716215587624
2025-10-20,19:10-19:20,26.034591282333963
2025-10-20,20:20-20:30,12.38430346334269
2025-10-20,20:50-21:00,3.433336666666719
2025-10-20,21:20-21:40,34.788421444783125
2025-10-20,22:00-22:10,4.409333333333279
2025-10-20,22:40-23:10,33.521352673880074
2025-10-20,23:50-0:10+1,38.39708387129599
2025-10-21,0:50-1:00,2.5114699999999175
2025-10-21,2:50-3:10,46.85144000000014
2025-10-21,3:40-3:50,2.206990000000019
2025-10-21,5:30-6:10,67.55176666666682
2025-10-21,6:30-6:40,10.405206250216906
2025-10-21,14:30-14:40,30.197349045652373
2025-10-21,17:30-17:50,40.77411695563899
2025-10-21,19:30-19:50,14.393842164857006
2025-10-21,20:50-21:10,30.84665268221795
2025-10-21,22:50-23:00,14.03785333333326
2025-10-21,23:10-23:30,34.6157533333336
2025-10-22,1:40-2:00,47.8592133333334
2025-10-22,2:20-2:30,1.1737099999999145
2025-10-22,3:40-3:50,7.284406666666655
2025-10-22,5:10-5:20,0.14041999999994914
2025-10-22,6:00-6:10,0.7993333333333794
2025-10-22,7:20-7:40,60.5651823683512
2025-10-22,9:40-9:50,9.737271602047542
2025-10-22,12:40-12:50,20.119755241375458
2025-10-22,15:20-15:30,31.880580669331096
2025-10-22,16:50-17:10,18.1411513402702
2025-10-22,17:20-17:40,22.081074245531454
2025-10-22,18:00-19:00,127.15663923366083
2025-10-22,20:40-21:00,23.74017228947355
2025-10-22,21:30-21:50,2.8779557325630094
2025-10-22,23:00-23:20,15.317337304229227
2025-10-23,2:10-2:20,16.099403333333385
2025-10-23,3:30-3:50,23.457256666666694
2025-10-23,6:40-7:00,21.68785922687846
2025-10-23,9:20-9:40,83.00422349921857
2025-10-23,10:00-10:10,41.24705994513845
2025-10-23,11:40-11:50,24.860883940680196
2025-10-23,12:10-12:30,79.27319114256079
2025-10-23,15:40-16:00,58.25603532690553
2025-10-23,16:30-16:50,10.289353923785939
2025-10-23,17:10-17:30,112.14228805037226
2025-10-23,17:50-18:00,20.149481509864586
2025-10-23,19:10-19:20,4.848856618050377
2025-10-23,19:50-20:00,18.226448717258336
2025-10-23,20:20-20:40,56.818745500437785
2025-10-23,22:10-22:30,107.73972146619337
2025-10-23,23:10-23:30,22.799173503597558
2025-10-24,2:00-2:10,2.9010000000000105
2025-10-24,2:50-3:20,44.133983333333276
2025-10-24,3:50-4:00,16.510596666666743
2025-10-24,5:40-6:00,54.92599999999993
2025-10-24,7:40-7:50,17.590500485259668
2025-10-24,15:40-16:00,27.295489300118223
2025-10-24,16:30-16:50,43.420711388733366
2025-10-24,17:00-17:40,85.29307664643426
2025-10-24,18:20-18:40,62.90095430972724
2025-10-24,19:40-20:00,35.59669389525766
2025-10-24,20:10-20:30,43.687574105155534
2025-10-24,21:00-21:30,75.74876293518577
2025-10-24,22:10-22:40,18.16830666666658
2025-10-24,23:00-23:10,25.399347041415922
2025-10-25,1:30-2:00,96.55226666666664
2025-10-25,2:30-2:50,10.848090000000013
2025-10-25,3:50-4:00,3.1728233333333264
2025-10-25,4:20-4:30,9.177629999999965
2025-10-25,5:40-6:00,42.29772666666656
2025-10-25,6:50-7:00,2.310882061972336
2025-10-25,12:10-12:30,41.44373328159065
2025-10-25,13:10-13:30,96.59149938600922
2025-10-25,16:20-16:30,14.755283698008299
2025-10-25,17:10-17:30,116.65865902093265
2025-10-25,17:50-18:00,1.0977273314077252
2025-10-25,18:10-18:40,23.786925450151614
2025-10-25,19:20-19:40,15.869207018189002
2025-10-25,20:20-20:50,49.48432306023045
2025-10-25,21:10-21:30,96.3556727902112
2025-10-25,23:00-23:20,32.27179999999987
2025-10-26,0:10-0:30,33.79070333333334
2025-10-26,0:50-1:00,3.8951866666668593
2025-10-26,1:30-2:00,29.178680000000213
2025-10-26,2:30-2:40,2.1096666666666124
2025-10-26,3:30-3:40,8.17766666666671
2025-10-26,4:10-4:20,7.25148333333334
2025-10-26,5:30-5:40,29.157666666666614
2025-10-26,9:10-9:30,25.125022960233593
2025-10-26,10:20-10:40,56.19735311454053
2025-10-26,10:50-11:10,52.14149579086717
2025-10-26,12:10-12:30,41.92703663118073
2025-10-26,15:20-15:40,24.549462111996718
2025-10-26,17:00-18:10,111.13189970742485
2025-10-26,20:20-20:30,2.142109338561795
2025-10-26,22:50-23:00,11.654053680081347
2025-10-26,23:40-0:00+1,10.291321378048451
2025-10-27,0:20-0:40,62.91484999999966
2025-10-27,1:30-2:10,15.31578333333357
2025-10-27,3:10-3:30,19.880726666666874
2025-10-27,4:10-4:30,15.560120000000097
2025-10-27,6:00-6:20,7.85607444444463
2025-10-27,15:00-15:10,3.804583528221542
2025-10-27,17:00-17:30,58.14013707448146
2025-10-27,19:50-20:10,20.470587295514406
2025-10-27,22:20-22:30,5.34514333333334
2025-10-27,23:10-23:30,14.572346666666704
2025-10-28,0:10-0:40,55.54962000000023
2025-10-28,1:10-1:40,45.297033333333275
2025-10-28,3:00-3:10,6.8303333333333285
2025-10-28,4:00-4:10,2.01400000000001
2025-10-28,4:30-4:40,5.18433333333337
2025-10-28,6:50-7:00,0.8214328320698314
2025-10-28,8:00-8:10,2.2164880891203893
2025-10-28,9:00-9:10,5.289941559135343
2025-10-28,10:00-10:10,0.3483333333333576
2025-10-28,11:50-12:00,7.819044896411242
2025-10-28,12:50-13:00,7.732919125038393
2025-10-28,13:10-13:20,9.311311930362166
2025-10-28,15:00-15:10,14.509192392633622
2025-10-28,15:30-15:50,58.92699753875888
2025-10-28,16:10-17:30,113.58823480757576
2025-10-28,18:40-19:00,42.78885875461174
2025-10-28,20:30-20:40,3.5653382171627754
2025-10-28,21:10-21:20,2.158463333333202
2025-10-28,22:20-22:40,26.95557666666673
2025-10-29,0:30-0:40,2.505999999999858
2025-10-29,2:00-2:10,3.9623333333332766
2025-10-29,2:40-3:00,41.926283333333345
2025-10-29,3:20-3:30,20.370723333333217
2025-10-29,4:20-4:50,79.62158666666687
2025-10-29,5:20-5:30,15.137653333333333
2025-10-29,6:30-6:40,14.5730722905314
2025-10-29,7:00-7:10,5.401445583998566
2025-10-29,17:20-17:30,17.012250872786467
2025-10-29,18:50-19:10,29.033937697553256
2025-10-29,20:10-20:40,41.514677572386745
2025-10-29,21:10-21:30,17.396503496953187
2025-10-29,22:10-22:30,32.85650666666663
2025-10-30,0:50-1:20,63.16993333333335
2025-10-30,3:00-3:30,58.14353333333327
2025-10-30,4:00-4:20,42.57849333333343
2025-10-30,8:20-8:30,10.836108197566432
2025-10-30,9:00-9:10,5.187539526872456
2025-10-30,10:20-11:00,149.88346712604363
2025-10-30,11:30-11:40,11.202740400328253
2025-10-30,11:50-12:10,55.102832314443276
2025-10-30,13:30-13:40,14.960341351487344
2025-10-30,14:20-14:30,30.104447156048792
2025-10-30,16:00-16:10,1.4871118182325063
2025-10-30,16:20-16:30,5.186934490057752
2025-10-30,16:40-17:00,11.02505660667714
2025-10-30,18:30-18:50,87.53028393065358
2025-10-30,19:30-19:40,8.454558876148099
2025-10-30,20:50-21:10,47.82119
2025-10-30,21:30-21:40,56.54399999999998
2025-10-30,22:00-22:10,10.09199999999987
2025-10-30,23:20-23:50,41.834845378506884
2025-10-31,0:20-0:40,27.911183333333327
2025-10-31,1:40-1:50,15.396029999999996
2025-10-31,4:00-4:10,6.442333333333295
2025-10-31,4:30-4:50,20.573903333333305
2025-10-31,5:20-5:40,26.110789999999895
2025-10-31,6:40-7:00,11.822659778555135
2025-10-31,14:50-15:00,9.508452176886166
2025-10-31,16:30-16:40,0.19321913181300943
2025-10-31,18:10-18:20,33.834743205688255
2025-10-31,18:50-19:00,5.994393421545681
2025-10-31,19:30-19:50,22.412327490395
2025-10-31,21:30-21:40,6.008333333333383
2025-10-31,22:10-22:20,12.078296666666574
2025-10-31,22:40-22:50,8.147696666666661
2025-11-01,2:10-2:20,16.447826666666742
2025-11-01,2:50-3:50,212.07951333333335
2025-11-01,4:30-4:50,10.63649666666663
2025-11-01,5:20-5:30,24.00479999999999
2025-11-01,14:00-14:10,1.247485107324792
2025-11-01,16:10-16:20,0.6439841987605064
2025-11-01,17:00-17:10,33.79348442774614
2025-11-01,17:30-17:40,6.486140075912999
2025-11-01,19:40-19:50,7.780042801706884
2025-11-01,20:50-21:00,18.685958103188852
2025-11-01,21:30-21:40,9.087153828967644
2025-11-01,22:00-22:20,8.461430000000064
2025-11-02,0:40-0:50,0.1643100000001141
2025-11-02,2:10-2:20,4.124500000000012
2025-11-02,3:00-3:20,33.14421333333337
2025-11-02,5:00-5:30,106.17425999999978
2025-11-02,6:40-7:00,49.30883483036257
2025-11-02,7:10-7:40,28.063470555555796
2025-11-02,12:30-12:50,52.48862657510057
2025-11-02,18:40-19:00,33.10850419469796
2025-11-02,19:20-19:30,4.12821292429976
2025-11-02,19:40-20:00,101.23238000770766
2025-11-02,20:30-20:50,19.65412651517522
2025-11-02,22:00-22:20,20.46861666666655
2025-11-02,23:00-23:10,1.4399999999998272
2025-11-03,0:50-1:10,10.504903333333345
2025-11-03,2:30-2:40,7.58299999999997
2025-11-03,3:00-3:10,31.10333333333324
2025-11-03,3:30-3:40,4.329333333333352
2025-11-03,5:10-5:30,87.09655333333319
2025-11-03,6:50-7:00,3.2445472240873414
2025-11-03,18:00-18:20,54.05459897896594
2025-11-03,18:30-18:40,3.1526749727476044
2025-11-03,22:00-22:10,12.091666666666697
2025-11-03,23:40-0:00+1,60.73897000000011
2025-11-04,0:10-0:20,0.05434000000013839
2025-11-04,0:40-1:00,59.82431666666662
2025-11-04,2:10-2:30,24.70622666666668
2025-11-04,4:10-4:20,10.108756666666636
2025-11-04,5:50-6:00,2.3565300000000207
2025-11-04,6:10-6:30,26.08222518477976
2025-11-04,6:40-6:50,26.004765019885212
2025-11-04,13:00-13:10,37.961782386679516
2025-11-04,14:10-14:20,53.95146727686521
2025-11-04,14:50-15:00,8.02648448338087
2025-11-04,16:00-16:10,11.217694919395967
2025-11-04,17:10-17:40,46.94916796831956
2025-11-04,18:00-18:10,7.044478216873131
2025-11-04,18:20-18:40,19.06590875564177
2025-11-04,19:00-19:30,17.016026825719564
2025-11-04,19:40-20:30,38.707892558323465
2025-11-04,21:10-21:30,29.059186666666733
2025-11-04,22:10-22:20,2.2964300000001003
2025-11-04,23:40-0:00+1,30.042143395545622
2025-11-05,0:20-1:00,52.41231999999968
2025-11-05,1:10-1:40,36.56385666666665
2025-11-05,2:10-2:30,13.90377999999987
2025-11-05,3:10-3:30,16.768076666666616
2025-11-05,4:50-5:20,76.18295999999998
2025-11-05,6:40-7:10,66.08913038560854
2025-11-05,7:50-8:00,0.016621808434138075
2025-11-05,10:10-10:20,12.96516879428414
2025-11-05,18:10-18:20,3.531506666666587
2025-11-05,21:50-22:10,21.5452466666668
2025-11-05,22:40-23:10,32.40567999999996
2025-11-05,23:30-23:40,8.759333333333188
2025-11-06,0:30-0:50,20.50207000000023
2025-11-06,1:40-2:00,52.04399333333322
2025-11-06,2:40-3:00,63.0877466666667
2025-11-06,3:50-4:00,19.58400333333327
2025-11-06,4:30-4:40,5.008000000000038
2025-11-06,5:20-6:00,66.26764333333335
2025-11-06,7:50-8:20,84.2197583799541
2025-11-06,8:40-9:00,53.324400888228865
2025-11-06,12:10-12:20,25.43928483376044
2025-11-06,18:10-18:30,32.634373333333315
2025-11-06,18:50-19:10,9.562725045844104
2025-11-06,20:30-20:50,28.847796650130817
2025-11-06,21:10-21:30,26.754763333333585
2025-11-06,21:40-21:50,15.107419999999934
2025-11-06,22:20-22:40,26.66336000000001
2025-11-06,23:00-23:10,3.0206666666667843
2025-11-07,1:20-1:30,7.771526666666659
2025-11-07,1:50-2:50,66.64220999999992
2025-11-07,3:40-3:50,3.9879666666666367
2025-11-07,7:50-8:00,9.5485401668669
2025-11-07,15:30-16:10,84.26616205573906
2025-11-07,17:10-17:30,65.66561639089673
2025-11-07,17:40-18:00,24.00646766901241
2025-11-07,20:30-20:50,43.20045492762449
2025-11-07,22:50-23:40,89.21788666666657
2025-11-07,0:00-0:10+1,13.598999999999933
2025-11-08,0:10-0:30,68.04791333333333
2025-11-08,1:10-1:30,31.817766666666728
2025-11-08,2:30-2:40,5.8530000000000655
2025-11-08,16:30-16:50,25.117042650172436
2025-11-08,18:50-19:30,72.13442476639005
2025-11-08,22:30-22:40,7.909333333333279
2025-11-09,0:30-0:40,15.41133333333346
2025-11-09,1:30-1:40,12.778999999999996
2025-11-09,3:30-4:00,24.69594333333339
2025-11-09,4:10-4:30,13.7504899999999
2025-11-09,7:00-7:20,18.08957849560136
2025-11-09,11:30-11:40,2.587848533555416
2025-11-09,12:10-12:20,6.958466074183434
2025-11-09,16:20-16:30,0.8439777022425687
2025-11-09,16:50-17:20,7.5602462844803995
2025-11-09,18:00-18:20,9.649234155775616
2025-11-09,20:00-20:10,1.3118914034884028
2025-11-09,21:00-21:30,50.487517192170685
2025-11-09,22:40-22:50,15.551736666666557
2025-11-09,0:00-0:10+1,27.962333333333277
2025-11-10,0:40-0:50,13.862953333333735
2025-11-10,1:20-1:40,11.428073333333373
2025-11-10,4:10-4:40,25.86270000000013
2025-11-10,5:40-5:50,2.533296666666729
2025-11-10,6:20-6:30,0.9752939837915164
2025-11-10,7:00-7:10,6.153699424383035
2025-11-10,7:50-8:00,21.88378115257501
2025-11-10,12:10-12:20,20.366239569735512
2025-11-10,12:40-13:00,22.85509007810299
2025-11-10,18:10-18:30,33.646439999999984
2025-11-10,18:40-19:10,46.908811858126
2025-11-10,19:30-19:40,7.44465734051721
2025-11-10,20:00-20:30,64.55140244234235
2025-11-10,21:00-21:10,31.780000000000086
2025-11-10,21:30-22:00,82.61129666666659
2025-11-10,23:20-23:40,9.425619999999867
2025-11-11,1:00-1:20,44.26870333333329
2025-11-11,1:40-2:10,43.11232333333339
2025-11-11,7:00-7:30,60.53610101230197
2025-11-11,8:30-8:40,18.913477571424778
2025-11-11,9:00-9:10,28.782079507578032
2025-11-11,19:50-20:00,0.7070387450542057
2025-11-11,21:30-22:00,71.1358866666668
2025-11-11,23:20-23:40,28.909353333333343
2025-11-11,0:00-0:10+1,7.5706666666665114
2025-11-12,4:30-4:50,16.02024666666648
2025-11-12,6:20-6:40,28.48174474873315
2025-11-12,7:00-7:10,14.10160726321783
2025-11-12,7:30-7:50,28.29518828799337
2025-11-12,8:20-8:30,15.650874202183559
2025-11-12,8:50-9:00,16.667367580580958
2025-11-12,16:10-16:30,57.56562333333318
2025-11-12,17:00-17:10,14.368690000000242
2025-11-12,18:30-18:40,21.152999999999906
2025-11-12,19:50-20:30,91.06173224832162
2025-11-12,21:20-21:30,8.664306666666448
2025-11-12,21:40-21:50,8.30187333333322
2025-11-12,23:50-0:10+1,28.856986666666785
2025-11-13,0:10-0:20,4.0655233333332035
2025-11-13,2:10-2:20,19.44211999999993
2025-11-13,3:30-3:40,4.590666666666607
2025-11-13,4:10-4:20,15.546876666666662
2025-11-13,4:40-5:20,61.57883333333325
2025-11-13,7:00-7:20,51.01108840652478
2025-11-13,12:20-13:00,222.91459086241025
2025-11-13,14:00-14:30,40.8499788269672
2025-11-13,14:40-17:00,290.01966483502457
2025-11-13,17:10-17:40,42.983009344168636
2025-11-13,19:00-19:30,27.26301810969494
2025-11-13,19:40-20:20,58.05104292986573
2025-11-13,22:50-23:00,5.929639999999949
2025-11-14,0:20-0:40,2.2278033333334406
2025-11-14,3:10-3:20,10.555886666666595
2025-11-14,4:30-4:40,11.334666666666692
2025-11-14,5:10-5:20,13.769360000000006
2025-11-14,11:00-11:10,3.8086083118759575
2025-11-14,12:00-12:20,11.434356050385361
2025-11-14,12:30-12:50,17.140041682433264
2025-11-14,14:00-14:10,2.7544010897403837
2025-11-14,15:00-15:20,87.33177681151227
2025-11-14,15:50-16:00,12.306125168745638
2025-11-14,16:20-17:00,90.89846538256461
2025-11-14,18:40-19:10,30.416230505833596
2025-11-14,21:20-22:10,58.10547666666656
2025-11-14,23:40-0:00+1,17.78730147503552
2025-11-15,0:30-0:40,4.349999999999909
2025-11-15,1:00-1:10,3.440999999999974
2025-11-15,2:00-2:10,0.7243333333333908
2025-11-15,3:30-4:30,140.94496999999984
2025-11-15,4:50-5:00,2.5765499999999975
2025-11-15,5:10-5:30,12.489446666666709
2025-11-15,7:10-7:20,8.324554110027634
2025-11-15,10:10-10:20,29.38231298280712
2025-11-15,13:20-13:30,1.0345750274623242
2025-11-15,14:50-15:10,23.401613757707196
2025-11-15,16:00-16:10,32.52876379804269
2025-11-15,18:10-18:30,9.427633871259388
2025-11-15,20:00-20:40,74.03402244789146
2025-11-15,21:10-21:20,8.064794238557567
2025-11-15,21:50-22:00,8.75100645836153
2025-11-15,23:00-23:20,23.43568666666664
2025-11-16,0:10-0:30,60.19030999999973
2025-11-16,0:50-1:10,32.293296666666606
2025-11-16,2:00-2:10,23.837666666666678
2025-11-16,4:50-5:00,4.95780000000002
2025-11-16,5:30-5:40,37.51099999999997
2025-11-16,6:10-6:20,5.444338048061013
2025-11-16,6:40-7:00,7.4753016666663825
2025-11-16,7:50-8:00,1.0318946508164117
2025-11-16,8:30-8:40,19.79939484263116
2025-11-16,13:10-13:20,10.552954684784957
2025-11-16,13:40-14:00,80.62830598810731
2025-11-16,15:10-15:20,6.7655469471797005
2025-11-16,15:50-16:20,54.98371235740194
2025-11-16,16:40-17:10,68.38108393827304
2025-11-16,18:00-18:10,38.4286666666668
2025-11-16,20:40-20:50,24.664671809244965
2025-11-16,21:30-21:40,11.860666666666475
2025-11-16,23:10-23:40,49.53472666666653
2025-11-16,0:00-0:10+1,10.858333333333348
2025-11-17,1:00-1:20,99.78060000000005
2025-11-17,1:50-2:10,17.959796666666648
2025-11-17,3:10-3:30,26.26696000000004
2025-11-17,5:10-5:30,34.02514000000008
2025-11-17,8:10-8:20,1.917266674250527
2025-11-17,9:30-9:50,5.878566829106205
2025-11-17,13:00-13:10,5.4616054887991226
2025-11-17,15:10-15:40,68.35083889446099
2025-11-17,16:40-17:10,80.45178390585068
2025-11-17,20:40-20:50,36.67257842310278
2025-11-17,22:10-22:30,28.308196666666618
2025-11-18,0:40-1:00,11.894979999999805
2025-11-18,1:20-1:30,9.297159999999963
2025-11-18,3:20-3:30,24.424399999999878
2025-11-18,4:10-4:30,48.930669999999964
2025-11-18,4:40-5:00,16.162860000000023
2025-11-18,8:00-8:20,14.62344134859768
2025-11-18,8:40-9:00,66.05166451596801
2025-11-18,10:30-11:10,64.71613501601327
2025-11-18,11:40-12:10,64.65440518226865
2025-11-18,12:20-12:30,3.3416278566312485
2025-11-18,14:00-14:30,63.93652359071339
2025-11-18,14:40-15:00,32.581892034837495
2025-11-18,16:10-16:30,52.44821431877574
2025-11-18,17:00-17:10,7.227193333333503
2025-11-18,19:00-19:10,16.468938967963254
2025-11-18,20:50-21:10,60.71791115313488
2025-11-18,22:30-23:10,56.45685889662548
2025-11-18,23:40-0:00+1,21.69510478907671
2025-11-19,0:40-1:10,55.0327666666667
2025-11-19,1:40-2:00,5.857276666666621
2025-11-19,2:30-2:40,4.04433333333327
2025-11-19,3:20-3:40,57.55383666666671
2025-11-19,4:00-4:10,6.979333333333329
2025-11-19,5:00-5:20,12.479393333333292
2025-11-19,5:50-6:10,97.75139333333345
2025-11-19,7:10-7:30,10.727711701099338
2025-11-19,13:30-13:40,6.944504606639695
2025-11-19,15:50-16:00,3.897029539647292
2025-11-19,16:30-16:50,59.01030064793872
2025-11-19,18:10-18:30,16.203723333333414
2025-11-19,20:50-21:20,132.83051
2025-11-19,23:00-23:10,16.13799999999992
2025-11-19,23:40-0:10+1,11.354838894933891
2025-11-20,1:40-1:50,17.953790000000026
2025-11-20,2:40-2:50,1.3674033333334137
2025-11-20,3:40-4:00,40.607650000000035
2025-11-20,4:40-5:00,4.342916666666838
2025-11-20,5:30-5:50,62.31298666666669
2025-11-20,7:20-7:30,11.018300130041553
2025-11-20,8:10-8:40,88.74039003984365
2025-11-20,11:00-11:10,7.4622450185174785
2025-11-20,13:10-13:30,52.4850338289981
2025-11-20,13:40-14:20,79.67047010124985
2025-11-20,15:30-15:50,13.368699774409151
2025-11-20,16:20-16:30,5.574386369818853
2025-11-20,17:00-17:10,19.889511298482148
2025-11-20,18:00-18:30,57.68023154299715
2025-11-20,20:50-21:10,42.61474271235329
2025-11-20,21:20-21:40,10.887094120006964
2025-11-20,23:30-0:00+1,111.08010848255844
2025-11-21,1:40-1:50,7.541193333333354
2025-11-21,2:40-3:10,40.73755333333338
2025-11-21,3:30-4:20,136.91556999999983
2025-11-21,4:40-5:00,33.71613000000002
2025-11-21,5:40-6:00,2.5542066666664596
2025-11-21,16:00-16:10,32.27511000000004
2025-11-21,17:50-18:00,5.021251160788893
2025-11-21,21:00-21:20,12.657335040370583
2025-11-21,21:40-22:00,8.729185878600276
2025-11-21,22:30-23:00,91.98002666666639
2025-11-22,0:10-0:30,15.101446666666106
2025-11-22,2:20-2:40,44.95311333333336
2025-11-22,3:00-3:20,15.123900000000106
2025-11-22,3:50-4:00,10.303313333333335
2025-11-22,5:00-5:10,0.29933333333332257
2025-11-22,16:10-16:40,50.583205757572046
2025-11-22,16:50-17:10,11.00504614195313
2025-11-22,18:40-19:00,16.72887914734389
2025-11-22,20:50-21:10,4.622831035878903
2025-11-22,22:30-22:40,18.10749839013738
2025-11-23,0:40-1:00,41.26294666666672
2025-11-23,1:30-1:40,17.095000000000027
2025-11-23,2:20-2:30,0.04704999999989923
2025-11-23,3:00-3:10,37.602666666666664
2025-11-23,3:40-3:50,18.830536666666603
2025-11-23,4:20-4:40,10.343763333333413
2025-11-23,5:00-5:10,42.80066666666664
2025-11-23,5:40-6:00,18.076386666666735
2025-11-23,7:00-7:20,17.33389460809383
2025-11-23,7:30-7:40,5.726949532894082
2025-11-23,8:10-8:20,6.4416397013154665
2025-11-23,10:20-10:40,27.98906697446583
2025-11-23,11:50-12:00,4.0984067684572665
2025-11-23,12:50-13:00,1.4878075135432027
2025-11-23,14:10-14:20,0.19154033246505264
2025-11-23,18:20-18:40,51.98707666666678
2025-11-23,19:00-19:10,11.050164254283118
2025-11-23,19:20-19:30,0.9462684612824432
2025-11-23,21:10-21:30,57.409526666666466
2025-11-24,0:10-0:30,82.01326666666682
2025-11-24,1:30-1:40,12.762333333333345
2025-11-24,2:30-2:40,3.8509999999998854
2025-11-24,5:00-5:10,5.064333333333366
2025-11-24,5:30-5:40,20.359666666666726
2025-11-24,6:00-6:20,63.718392094878254
2025-11-24,7:10-7:30,23.166626087308487
2025-11-24,9:50-10:00,4.138437794011082
2025-11-24,11:10-11:30,29.70822000000021
2025-11-24,12:30-13:00,34.227220000000216
2025-11-24,13:20-13:50,140.9999299026324
2025-11-24,14:00-14:40,21.044168434946513
2025-11-24,15:40-16:00,33.97486527628837
2025-11-24,16:10-16:20,2.2420506694707
2025-11-24,18:40-19:10,33.01178062617487
2025-11-24,19:50-20:30,108.40894262179597
2025-11-24,20:50-21:10,19.24139333333312
2025-11-24,22:40-23:30,70.41107213566966
2025-11-24,23:50-0:10+1,67.75725490449088
2025-11-25,2:20-2:50,55.46535333333338
2025-11-25,3:40-4:20,72.27053000000001
2025-11-25,5:00-5:10,22.957666666666682
2025-11-25,5:30-5:40,11.396000000000072
2025-11-25,13:30-13:40,18.913992676457212
2025-11-25,18:20-18:30,2.2030066666665107
2025-11-25,19:30-19:40,3.3348579342534777
2025-11-25,20:30-20:40,16.050049416600814
2025-11-25,21:30-22:00,39.21124666666685
2025-11-25,23:20-23:40,57.18222999999966
2025-11-26,2:30-3:00,43.49297000000024
2025-11-26,4:20-4:30,16.309863333333283
2025-11-26,5:30-5:40,23.13433333333319
2025-11-26,6:10-6:30,82.07906993468202
2025-11-26,7:10-7:30,18.44726995233168
2025-11-26,8:00-8:50,98.54106647924255
2025-11-26,16:00-16:20,59.543247638844605
2025-11-26,16:50-17:00,25.975716111111183
2025-11-26,18:50-19:00,6.5872030181872105
2025-11-26,23:20-23:40,17.0243099999999
2025-11-27,0:40-0:50,11.723726666666607
2025-11-27,2:30-2:40,22.40033333333338
2025-11-27,5:00-5:10,16.298666666666577
2025-11-27,6:00-6:10,16.86366666666663
2025-11-27,6:30-6:40,17.20804916104862
2025-11-27,7:30-8:00,57.202748991322665
2025-11-27,15:00-15:50,79.83216479726946
2025-11-27,16:10-16:20,1.3145366666667542
2025-11-27,16:30-16:50,17.090712301202984
2025-11-27,18:30-18:40,22.473333333333244
2025-11-27,20:00-20:10,9.266900596407595
2025-11-27,20:20-20:40,44.2298272001367
2025-11-27,22:10-22:20,3.26844333333338
2025-11-28,0:30-0:50,6.974726666666356
2025-11-28,1:20-1:30,21.185733333333303
2025-11-28,4:10-4:30,69.49359999999996
2025-11-28,5:00-5:10,25.957666666666626
2025-11-28,7:50-8:00,11.071247266409785
2025-11-28,13:30-13:50,48.242827243905424
2025-11-28,15:10-15:30,35.14929826604998
2025-11-28,15:40-15:50,6.163391964942008
2025-11-28,16:20-16:40,51.741322777777725
2025-11-28,18:30-18:40,33.013158377692946
2025-11-28,19:00-19:10,15.242541420993348
2025-11-28,19:30-20:00,92.05227455788042
2025-11-28,20:40-21:00,35.4798824170374
2025-11-28,0:00-0:10+1,43.48637122325914
2025-11-29,1:50-2:10,24.57000333333326
2025-11-29,2:40-2:50,5.556570000000022
2025-11-29,4:30-4:40,36.926999999999964
2025-11-29,7:20-7:40,50.43076379326345
2025-11-29,10:00-10:10,15.24503024607398
2025-11-29,22:10-22:20,14.238573333333079
2025-11-29,22:50-23:00,25.495419999999967
2025-11-29,23:40-0:00+1,83.23393666666675
2025-11-30,1:10-1:20,9.892933333333417
2025-11-30,1:40-2:00,26.174003333333303
2025-11-30,3:50-4:10,82.8757700000001
2025-11-30,5:20-5:30,4.729023333333316
2025-11-30,6:10-6:30,18.901696803382833
2025-11-30,6:50-7:20,19.046755823780018
2025-11-30,8:10-9:30,255.9973530000587
2025-11-30,13:10-13:20,3.5018504019101897
2025-11-30,14:00-14:10,25.267258198762363
2025-11-30,15:00-15:10,11.331154529809737
2025-11-30,15:30-15:50,16.7670830649937
2025-11-30,18:50-19:00,14.106624316142302
2025-11-30,19:20-19:40,14.468508596148013
2025-11-30,20:00-20:10,3.588038455933429
2025-11-30,20:30-20:40,9.77786814155047
2025-11-30,21:30-21:50,19.639554913418237
2025-11-30,22:10-22:20,1.3662871340677611
2025-11-30,22:50-23:20,9.05194087684356
2025-12-01,0:10-0:30,61.18425666666644
2025-12-01,0:50-1:00,14.000639999999748
2025-12-01,1:30-6:10,1653.9192666666668
2025-12-01,6:30-6:40,27.26014495465529
2025-12-01,7:00-7:50,115.0153909466062
2025-12-01,9:20-9:40,27.806150581824284
2025-12-01,10:00-11:10,355.0508419043577
2025-12-01,0:00-0:10+1,1.7909187269675613
2025-12-02,0:10-6:20,1462.1933950770876
2025-12-02,6:40-7:10,3.1699885365792397
2025-12-02,7:20-7:50,57.390735175531404
2025-12-02,8:10-8:30,15.212582933896329
2025-12-02,9:20-9:50,121.69021285753587
2025-12-02,10:10-10:40,50.96626895425271
2025-12-02,18:50-19:00,3.548038875195857
2025-12-03,0:10-1:00,130.76580333333345
2025-12-03,1:10-2:40,324.6288966666667
2025-12-03,2:50-6:10,1012.3977199999998
2025-12-03,6:40-7:00,18.562138884960063
2025-12-03,7:30-7:50,89.38955561865862
2025-12-03,11:30-11:50,45.359956659204386
2025-12-03,12:10-12:20,0.8011652950659709
2025-12-03,12:50-13:00,5.616461194597036
2025-12-03,22:50-23:00,6.786112122411055
2025-12-04,0:10-0:30,47.499280000000226
2025-12-04,0:50-1:20,110.31723666666664
2025-12-04,1:30-1:50,15.303256666666925
2025-12-04,2:00-6:10,1376.261263333333
2025-12-04,6:40-7:00,81.7817338849602
2025-12-04,7:10-7:30,120.68937710095327
2025-12-04,8:20-8:50,86.92209023701821
2025-12-04,9:30-9:40,20.325937183961457
2025-12-04,10:00-10:30,129.1329305528334
2025-12-04,12:30-12:40,6.5930547591799495
2025-12-04,23:00-23:10,16.39830500132757
2025-12-04,23:30-23:40,2.3339754167127467
2025-12-05,0:30-0:40,2.6440000000000055
2025-12-05,1:10-1:30,33.01934000000017
2025-12-05,1:40-3:20,393.3546833333333
2025-12-05,3:30-4:10,31.113539999999773
2025-12-05,4:20-6:00,496.0117366666666
2025-12-05,6:50-8:00,183.91318595045135
2025-12-05,8:30-9:00,104.64484955138923
2025-12-05,9:20-9:40,29.266387203673645
2025-12-05,13:00-13:10,0.7015369781425989
2025-12-05,21:50-22:10,14.969034305480818
2025-12-05,22:30-22:40,42.44860148725138
2025-12-05,23:30-23:50,54.243904096314736
2025-12-06,0:20-2:00,226.86871999999983
2025-12-06,2:10-2:30,102.2756866666665
2025-12-06,2:40-4:30,374.986513333333
2025-12-06,4:40-6:10,451.2262899999999
2025-12-06,7:00-7:20,110.0515035447329
2025-12-06,7:40-8:00,51.37365979509303
2025-12-06,8:20-8:40,25.48270211232449
2025-12-06,9:40-9:50,1.2171478422421984
2025-12-06,12:00-12:10,3.4460191427177733
2025-12-06,16:10-16:30,49.577339444444306
2025-12-06,16:40-17:00,23.87634508496069
2025-12-06,18:00-18:10,37.40702004505374
2025-12-06,21:10-21:30,28.58290539485597
2025-12-07,0:30-1:10,127.7938499999999
2025-12-07,1:20-1:50,44.593740000000025
2025-12-07,2:10-3:30,335.1022100000001
2025-12-07,4:10-5:40,258.90648999999974
2025-12-07,5:50-6:10,105.85260333333315
2025-12-07,7:20-8:10,174.99046740192227
2025-12-07,10:10-10:20,1.6045190236741291
2025-12-07,10:40-11:10,49.416575963668436
2025-12-07,12:00-12:10,11.164625384385204
2025-12-07,18:40-18:50,13.25941690045397
2025-12-07,21:00-21:10,4.875812066477465
2025-12-08,1:10-1:20,0.18783666666661247
2025-12-08,13:40-14:00,6.350537554499795
2025-12-08,16:00-16:30,45.66330944444428
2025-12-08,18:50-19:00,7.803067366161372
2025-12-08,19:50-20:00,14.923306351375572
2025-12-08,20:40-21:00,76.06441349934221
2025-12-08,22:20-22:40,32.760204451883624
2025-12-09,1:00-1:10,17.65000000000009
2025-12-09,3:20-3:30,28.749516666666636
2025-12-09,8:00-8:20,4.320424505006372
2025-12-09,10:00-10:10,1.9090348538245507
2025-12-09,13:10-13:30,32.22121339863216
2025-12-09,14:00-14:10,28.899432120263498
2025-12-09,16:30-16:40,11.434299851605374
2025-12-09,17:40-18:00,55.78303400480786
2025-12-09,19:40-20:00,27.83845553579124
2025-12-09,20:20-20:40,60.729279943977645
2025-12-09,22:40-23:00,11.845078289354205
2025-12-10,6:20-6:30,11.618756014929886
2025-12-10,7:50-8:00,3.144840185652015
2025-12-10,9:20-9:50,131.9805492093135
2025-12-10,10:40-11:30,168.3853200665006
2025-12-10,12:20-12:30,5.4673062972899515
2025-12-10,15:40-16:00,12.319433368528053
2025-12-10,18:50-19:10,50.136623507567265
2025-12-10,19:20-19:30,6.950629375206063
2025-12-10,19:40-20:10,27.787786005298585
2025-12-10,22:20-22:40,19.086103333333426
2025-12-10,23:00-23:10,16.103999999999814
2025-12-11,0:40-0:50,0.6202099999998154
2025-12-11,7:50-8:00,16.63826660515099
2025-12-11,12:10-12:20,2.8669359927231426
2025-12-11,13:10-13:30,59.28114093943013
2025-12-11,14:00-14:10,4.173138159213181
2025-12-11,15:30-16:10,60.25183214878962
2025-12-11,17:30-17:40,13.772310676238703
2025-12-11,18:40-18:50,5.228156661413777
2025-12-11,19:20-19:40,61.911304413795165
2025-12-11,21:50-22:10,16.840403008217322
2025-12-11,22:20-22:40,50.66279460242936
2025-12-12,0:50-1:00,6.97420666666676
2025-12-12,1:30-1:50,22.99639333333323
2025-12-12,15:20-15:50,38.307446494940024
2025-12-12,16:40-17:00,33.41923995673346
2025-12-12,18:20-18:30,9.556169120177572
2025-12-12,19:10-19:30,6.781609245277707
2025-12-12,20:10-20:30,71.00008177435484
2025-12-12,20:40-21:00,35.90085749914232
2025-12-12,21:10-21:30,40.09158798104846
2025-12-12,22:10-22:30,68.00580666666662
2025-12-12,23:00-23:20,9.519596666666644
2025-12-13,0:40-0:50,14.802856666666685
2025-12-13,6:10-6:20,9.558709189400815
2025-12-13,8:00-8:10,7.517705103863079
2025-12-13,11:10-11:20,7.2105828930288
2025-12-13,14:50-15:10,70.92730329488678
2025-12-13,17:00-17:10,12.845113751344343
2025-12-13,17:40-17:50,2.1139798370857648
2025-12-13,18:10-18:30,58.552982416147756
2025-12-13,20:00-20:10,30.24189781680826
2025-12-13,20:50-21:00,20.49383346142315
2025-12-13,21:40-22:00,34.313613333333535
2025-12-14,8:20-8:30,4.109421054697009
2025-12-14,8:40-10:00,301.41428593223657
2025-12-14,10:10-10:40,146.6938786825949
2025-12-14,11:00-11:10,29.140031331148293
2025-12-14,12:00-12:30,21.03368754885082
2025-12-14,14:30-14:40,32.76971704488477
2025-12-14,15:50-16:00,29.32052694519632
2025-12-14,17:10-17:30,37.68310322763341
2025-12-14,19:00-19:20,5.405114582165766
2025-12-14,20:00-20:20,58.01933029119289
2025-12-14,21:20-21:30,8.964776666666467
2025-12-14,21:50-22:10,11.239195408268301
2025-12-14,0:00-0:10+1,0.029333333333397604
2025-12-15,0:30-0:40,12.402000000000044
2025-12-15,8:50-9:10,17.77035544815908
2025-12-15,9:40-10:30,58.65995492039849
2025-12-15,11:10-11:40,142.85422325510444
2025-12-15,13:40-13:50,8.597766592898722
2025-12-15,14:10-14:30,18.45252410043031
2025-12-15,14:40-15:00,66.85933908975107
2025-12-15,15:50-16:10,24.580584841090626
2025-12-15,16:40-16:50,18.722338127049397
2025-12-15,17:30-17:50,44.1628222222223
2025-12-15,19:30-19:40,4.03995739405309
2025-12-15,20:20-20:30,12.97614687047735
2025-12-15,22:40-23:10,20.372126666666873
2025-12-15,23:30-23:40,7.690666666666857
2025-12-16,11:30-12:10,96.74483944444523
2025-12-16,13:40-14:00,8.746439090727051
2025-12-16,14:30-14:40,15.34283900713217
2025-12-16,15:20-15:30,21.701540692243725
2025-12-16,19:20-19:30,12.358618106147674
2025-12-16,21:40-22:00,14.094823333333352
2025-12-16,22:10-22:30,14.182706666666604
2025-12-16,23:10-23:30,17.04034333333334
2025-12-16,0:00-0:10+1,12.738999999999919
2025-12-17,1:00-1:10,5.674333333333493
2025-12-17,1:50-2:00,13.53478333333328
2025-12-17,6:50-7:00,6.002252812261418
2025-12-17,12:20-12:40,53.592799938232815
2025-12-17,14:00-14:30,72.11555904745495
2025-12-17,15:10-15:20,1.6648568947207423
2025-12-17,17:50-18:00,0.11618555555548937
2025-12-17,18:30-18:50,73.15873666666675
2025-12-17,20:20-20:50,64.74942833352941
2025-12-17,21:30-21:40,23.188333333333276
2025-12-17,23:40-23:50,22.37756666666678
2025-12-18,0:30-0:50,19.712406666666766
2025-12-18,2:00-2:10,32.92599999999982
2025-12-18,3:10-3:30,49.20117999999991
2025-12-18,7:30-7:40,14.88425833333315
2025-12-18,10:10-10:20,26.57439300453626
2025-12-18,16:40-17:00,48.08073231571814
2025-12-18,19:40-20:00,17.41992956649335
2025-12-18,21:00-21:20,4.420763838542712
2025-12-18,22:10-22:20,5.5554466666667395
2025-12-18,22:50-23:00,5.467753333333235
2025-12-18,23:10-23:30,13.93369333333328
2025-12-19,1:00-1:10,7.415999999999997
2025-12-19,7:40-8:00,40.39830946914634
2025-12-19,11:10-11:30,10.75854439769762
2025-12-19,12:30-13:00,139.45854237147446
2025-12-19,15:00-15:20,33.0548917606023
2025-12-19,16:40-16:50,5.2410505511384144
2025-12-19,17:30-18:10,59.57070223765368
2025-12-19,18:40-19:00,42.143661006444006
2025-12-19,20:00-20:10,10.164232045066456
2025-12-19,21:30-21:50,21.118853333333448
2025-12-19,22:40-22:50,21.733256666666648
2025-12-19,23:40-0:00+1,59.979089999999985
2025-12-20,9:00-9:10,12.440372135920256
2025-12-20,9:40-10:00,23.007390278434848
2025-12-20,12:00-12:10,0.18880635496122977
2025-12-20,14:30-14:50,6.915368942118413
2025-12-20,15:10-15:20,3.5573570940857735
2025-12-20,16:30-16:40,4.0096931626789
2025-12-20,17:20-17:50,30.442743333333397
2025-12-20,18:30-18:50,26.35829129217376
2025-12-20,19:50-20:00,11.409188699009121
2025-12-20,22:00-22:10,9.22533333333331
2025-12-20,22:40-23:20,59.09679333333332
2025-12-21,3:10-3:20,0.09959666666657085
2025-12-21,3:40-4:00,66.95512999999994
2025-12-21,6:30-6:40,0.8923243854285374
2025-12-21,8:00-8:10,10.786536453919325
2025-12-21,9:50-10:00,7.739187922899589
2025-12-21,11:10-11:50,332.39991414528095
2025-12-21,12:50-13:00,6.590545970104131
2025-12-21,18:30-19:10,57.3782613344232
2025-12-21,20:00-20:10,12.667738533463194
2025-12-22,0:10-0:30,25.756073333333234
2025-12-22,1:20-1:30,3.013033333333169
2025-12-22,1:40-2:00,19.049589999999966
2025-12-22,2:30-2:40,7.020666666666671
2025-12-22,3:30-3:40,6.639999999999986
2025-12-22,11:00-11:10,4.074473136052802
2025-12-22,11:40-11:50,3.1726488389931546
2025-12-22,13:10-13:30,37.34974349880025
2025-12-22,14:00-14:40,82.67011179138854
2025-12-22,18:00-18:20,34.80041692571592
2025-12-22,19:20-19:30,15.23035153712783
2025-12-22,19:40-20:00,14.850073304687044
2025-12-22,21:00-21:40,76.64182333333349
2025-12-22,22:00-22:10,13.726666666666688
2025-12-22,23:50-0:10+1,6.435506666666811
2025-12-23,1:10-1:20,0.7417533333333495
2025-12-23,12:00-13:10,125.99348447925148
2025-12-23,14:10-14:20,4.205572989819586
2025-12-23,14:40-14:50,13.022260310491049
2025-12-23,16:30-17:00,29.177559038699314
2025-12-23,19:50-20:00,0.3516795037890006
2025-12-23,20:20-20:30,4.030509887311837
2025-12-23,22:30-22:50,27.689460000000054
2025-12-24,0:20-0:30,4.049379999999928
2025-12-24,8:00-8:10,16.17165047678634
2025-12-24,11:10-11:20,15.46930189087027
2025-12-24,12:00-12:10,9.799036445891034
2025-12-24,13:40-13:50,16.249879938150343
2025-12-24,14:20-14:30,0.9956290104287291
2025-12-24,15:00-15:10,5.328182536905842
2025-12-24,15:40-15:50,18.60140889349441
2025-12-24,16:20-16:30,2.916949245646947
2025-12-24,17:00-17:30,33.016668712036676
2025-12-24,18:50-19:20,54.2476681929943
2025-12-24,19:50-20:10,26.608459887821027
2025-12-24,20:20-20:30,6.01778658406613
2025-12-24,23:00-23:10,18.833999999999833
2025-12-24,0:00-0:10+1,4.544999999999959
2025-12-25,1:10-1:30,63.44859666666673
2025-12-25,5:00-5:10,0.06633333333331848
2025-12-25,6:10-6:30,27.791393995404064
2025-12-25,9:00-9:10,24.06695350667576
2025-12-25,9:40-10:00,57.07941725591684
2025-12-25,10:40-11:00,23.19735784139661
2025-12-25,11:10-11:40,159.4650301961658
2025-12-25,12:00-12:30,58.722496273526076
2025-12-25,13:00-13:20,45.25087456369937
2025-12-25,15:50-16:20,61.10782704965857
2025-12-25,17:10-17:20,4.754395222108997
2025-12-25,17:50-18:10,61.62867910789487
2025-12-25,18:40-18:50,13.033233578954082
2025-12-25,19:10-19:30,31.23444780867328
2025-12-25,19:50-20:10,55.021299007487755
2025-12-25,20:40-20:50,0.1925502033752764
2025-12-25,21:30-21:40,4.853333333333126
2025-12-25,23:30-0:00+1,52.368196666666336
2025-12-26,0:20-0:40,14.859509999999773
2025-12-26,1:10-1:20,1.3104599999999778
2025-12-26,7:00-7:10,1.4222708130112096
2025-12-26,11:30-11:50,40.17886491069487
2025-12-26,12:20-12:30,29.181684371678443
2025-12-26,14:30-15:00,99.85617665102912
2025-12-26,18:10-18:30,72.38434238630572
2025-12-26,22:10-22:20,7.377579999999853
2025-12-27,1:20-1:30,3.89196000000004
2025-12-27,3:30-3:50,31.151579999999967
2025-12-27,7:40-7:50,12.67737386264065
2025-12-27,9:50-10:00,1.2295748034667326
2025-12-27,11:00-11:10,13.284830500065482
2025-12-27,12:20-12:30,5.83033577983872
2025-12-27,12:50-13:00,2.2263542414213475
2025-12-27,15:20-15:40,37.85141710412884
2025-12-27,16:50-17:10,19.35953611111114
2025-12-27,18:00-18:20,69.7788760219862
2025-12-27,18:50-19:00,12.97728484125389
2025-12-27,20:20-20:30,11.561214716420523
2025-12-27,22:40-22:50,12.923126666666576
2025-12-28,0:20-0:30,4.999889999999823
2025-12-28,0:40-1:00,46.08421333333354
2025-12-28,3:30-3:40,0.6289999999999054
2025-12-28,11:40-12:00,51.03662026229313
2025-12-28,13:30-13:40,26.025658879289608
2025-12-28,15:50-16:00,23.571384250969345
2025-12-28,16:10-16:20,3.44672277777795
2025-12-28,17:40-18:00,62.801556289416
2025-12-28,18:30-18:40,5.3076666666665915
2025-12-28,20:20-20:40,53.4729524040431
2025-12-28,21:00-21:20,11.763779999999883
2025-12-28,21:30-21:40,6.701666666666711
2025-12-28,22:40-22:50,13.0922166666669
2025-12-29,6:30-6:40,5.76883613006828
2025-12-29,8:30-9:00,11.470828145809833
2025-12-29,9:20-9:30,4.6444918914135656
2025-12-29,12:50-13:10,7.537732319224034
2025-12-29,16:20-16:40,73.93767896270924
2025-12-29,17:00-17:10,27.559238896883926
2025-12-29,21:30-21:40,1.8783333333332166
2025-12-29,22:30-23:00,35.66548333333344
2025-12-30,4:10-4:20,29.442836666666608
2025-12-30,5:20-5:30,1.4265799999999444
2025-12-30,8:10-8:20,19.19474476939024
2025-12-30,9:10-9:50,43.46293342910883
2025-12-30,10:10-10:50,133.55993926389684
2025-12-30,11:00-11:20,31.952448339047578
2025-12-30,11:40-12:00,35.41879402159179
2025-12-30,15:10-15:20,5.78465113027687
2025-12-30,18:50-19:00,19.457031579046543
2025-12-30,20:00-20:10,17.048521558460266
2025-12-30,21:10-21:30,16.836028202756438
2025-12-30,22:10-22:30,15.005660000000034
2025-12-31,1:40-2:00,81.03673333333336
2025-12-31,5:00-5:20,46.3912966666669
2025-12-31,8:50-9:00,11.663114975678468
2025-12-31,9:50-10:00,14.474722980696924
2025-12-31,12:50-13:00,1.2703133201029004
2025-12-31,16:00-16:10,9.671216666666737
2025-12-31,18:20-18:40,22.270433333333358
2025-12-31,19:20-19:40,38.13345573120091
2025-12-31,20:50-21:00,10.96337333333338
2025-12-31,21:10-21:40,44.62865429721853
2025-12-31,22:00-22:20,54.54622999999992
2025-12-31,23:50-0:10+1,41.725056666666546
