date,planned_purchase_kwh,adjusted_purchase_kwh,upward_adjustment_kwh,downward_adjustment_kwh,emergency_purchase_kwh,plan_cost_yuan,upward_adjustment_cost_yuan,downward_adjustment_refund_yuan,emergency_cost_yuan,total_cost_yuan,charge_kwh,discharge_kwh,soc_0_kwh,soc_24_kwh,load_scale_06,load_scale_12,load_scale_18
2025-02-01,48992.5379270679,44572.51039050896,0.0,4420.027536558933,358.8186412454411,25818.581693569555,0.0,1262.7914617891695,1733.0652758127376,26288.85550759312,19725.335445619858,15977.521710952089,6000.000000000001,6000.0,0.9299671403599726,0.9390176220740402,0.9431585242230139
2025-02-02,94043.86330492455,89471.76594315642,0.0,4572.097361768117,197.30475690010962,59495.04340584177,0.0,1625.9081812233755,696.3316075558998,58565.46683217429,24057.40594911172,19489.672129493898,6000.0,5996.474099207328,0.9518757773107113,0.9553131254825691,0.9611124804343317
2025-02-03,95903.68451666666,90327.76708592413,0.0,5575.9174307425355,344.6403360239465,60645.37973051083,0.0,1992.888032149771,1475.6286941066837,60128.12039246775,24295.33235218971,19676.04589456026,5996.474099207328,6000.000000000002,0.9623408036647649,0.9747140701908542,0.9762790383123634
2025-02-04,98780.3362511111,91937.391032046,0.0,6842.9452190651145,485.9054334834826,63091.13262175711,0.0,2642.0415111507423,1782.4290891266928,62231.520199733066,24857.684026187377,20137.07982170055,6000.000000000002,5997.3824883458055,0.9333122074895722,0.9506461449164609,0.9584803909870647
2025-02-05,92566.5007761111,91315.33913265125,0.0,1251.161643459855,275.4940387655911,58473.482652535495,0.0,492.4062025463912,1293.5796470635853,59274.656097052684,24275.88439023782,19661.11059560386,5997.3824883458055,6000.000000000001,0.9671176484426519,0.9653447902762321,0.9699813620351202
2025-02-06,98903.24690944444,91054.60687465945,0.0,7848.640034784987,184.10876749796972,63188.87337356999,0.0,2971.4861086896653,717.4009754462797,60934.78824032661,24836.210500257228,20117.330505208356,6000.000000000001,6000.000000000002,0.9533808002645863,0.9626935035887956,0.9694405923710078
2025-02-07,49521.37108667867,43813.57888138315,0.0,5707.7922052955155,148.05324125663776,25833.905818525436,0.0,1545.2713862317237,798.1974958702211,25086.83192816393,20839.519198344275,16883.41292735395,6000.000000000002,5996.219581449909,0.9338920105282906,0.9381827456370504,0.9421074064439395
2025-02-08,38631.45379043896,38962.77362573767,331.3198352987137,0.0,590.2234648793774,19886.286703792535,421.21791651542395,0.0,2360.752356277081,22668.25697658504,19485.24728793483,15779.647926532129,5996.219581449909,6000.000000000001,0.9843192605659952,0.9862556455502578,0.9933925853325111
2025-02-09,90587.45013986969,90238.4870547548,47.46580303832786,396.4288881532059,169.50963810385917,57084.17625798727,63.19254415159408,128.25968774991836,683.2404401839394,57702.34955457288,24426.362184611884,19785.353369535627,6000.000000000001,6000.000000000001,0.9913503893619321,1.0010940563788862,0.9981480630055592
2025-02-10,87313.36602833333,84083.28996705182,0.0,3230.0760612815056,395.40019368694374,54742.13089949788,0.0,1083.2451969076967,1188.6356586800657,54847.52136127026,24326.578641811186,19701.96937744703,6000.000000000001,6002.843691577811,0.9903928233815397,0.986461085690197,0.9881093867435238
2025-02-11,87207.87679444444,83414.80904958908,0.0,3793.0677448553647,423.1697537110214,54889.91602918333,0.0,1455.882974170545,1937.936094172121,55371.96914918491,23754.074283337894,19243.359491923726,6002.843691577811,6000.000000000001,0.9936077713900724,0.9981321474467036,0.9972255436179717
2025-02-12,87788.45735722221,83107.58635732111,0.0,4680.870999901103,446.6723376669145,55116.752933501106,0.0,1645.905730276655,2005.1224287183843,55475.96963194284,23573.936443239785,19094.88851902423,6000.000000000001,6000.000000000003,0.9753928367709183,0.9877885601123155,0.9922674986431457
2025-02-13,82410.60859277777,81225.47069068879,179.42879264153947,1364.5666947305203,368.1443418710335,51029.29252233689,232.87517537348515,391.99583567999616,1515.058515164507,52385.23037719488,23133.543230523846,18738.170016724318,6000.000000000003,5999.999999999998,1.00245488513116,0.9961333975949238,0.99051262121954
2025-02-14,40132.29299894032,40119.458989288374,650.8301203994905,663.6641300514359,380.9804874051198,20535.34476378613,871.2078607614528,141.2727214157331,1409.177103076585,22674.457006208435,19044.356167385744,15425.928495582455,5999.999999999998,6000.000000000004,0.9956509167262064,0.9997230326284864,0.9972879534283546
2025-02-15,40715.92890025377,40111.416952710686,107.33183856848376,711.8437861115708,568.0816491702683,21111.633775109036,171.8312721462101,185.01114071921808,2031.8900537295974,23130.34396026562,18971.21484099898,15366.684021209177,6000.000000000004,5999.999999999999,1.0005660616218235,0.9974369129914668,0.9999837748269681
2025-02-16,88345.73906888888,82936.44752756305,0.32873393020008734,5409.620275256027,613.7083067671892,55347.260776045725,0.46193691871716275,1897.914237856653,2267.3372857282293,55717.14576083602,23165.709806046994,18764.224942898072,5999.999999999999,6000.000000000001,0.9985316693230379,0.9914944118896197,0.9967982556354475
2025-02-17,87708.4820510768,80153.05679320617,0.0,7555.425257870642,472.36317091714136,54357.81093972108,0.0,2420.22561595302,1807.9058601907302,53745.49118395879,22416.108021748547,18158.752372968276,6000.000000000001,5998.105694053392,0.9933413879316983,0.99154471070959,0.9936597282469862
2025-02-18,78440.47327460904,80325.54831099129,1885.0750363822415,0.0,721.4768542514234,48649.47951233085,1720.140188575645,0.0,2820.82383707001,53190.443537976505,23508.107837305244,19039.862472865305,5998.105694053392,6000.0,1.002082726001536,0.9948863022862174,1.0006664500021103
2025-02-19,78827.3213377321,79789.89869597438,962.5773582422937,0.0,805.3637396138782,48978.59428632501,1034.49944908942,0.0,2478.873425722169,52491.96716113659,23827.566515631846,19300.3288776618,6000.0,6000.000000000002,1.0071328909927117,1.0038242265285842,1.001553886625127
2025-02-20,81944.91831833334,79746.28672302201,144.35924331283945,2342.9908386241614,531.7309387796084,50490.57316352289,200.12293789389477,705.2955080600357,2177.835008010554,52163.2356013673,22690.535886084712,18379.689998589456,6000.000000000002,5999.604521265735,0.985866719445293,0.9961007480649375,0.9976710606297793
2025-02-21,36543.87829048868,36782.454817404425,238.5765269157438,0.0,430.90725306184663,18786.754920520398,364.0647030226299,0.0,1418.924556888667,20569.74418043169,19163.42123970439,15522.087675992756,5999.604521265735,5999.919552563291,0.9971838227750572,0.9967786682165661,0.9984298291965271
2025-02-22,37353.956633237314,36780.11390189938,179.28472419438893,753.127455532324,385.7335711768909,19502.510096146732,274.4046227164412,209.51031367033497,1315.6445257850673,20883.048930977904,18275.29094116208,14802.913259648243,5999.919552563291,6000.000000000001,1.0018005236737435,1.0014424445181962,0.997439112716938
2025-02-23,81188.39782346186,79508.29307122549,363.93967591704524,2044.0444281534103,671.1328582296034,50140.580111810494,446.54002029203974,739.4492508702303,2339.012663231242,52186.68354446355,23594.79290278736,19111.782251257762,6000.000000000001,6000.000000000002,0.9967645683551223,1.0003795433990224,0.9973115594906079
2025-02-24,77928.35809498628,77824.52164697328,0.0,103.83644801299442,443.6595979052454,48434.350574038865,0.0,34.33021670970344,1930.8053498765341,50330.825707205695,22567.2707326778,18279.48929346902,6000.000000000002,6000.000000000003,0.978841009940445,0.9950610280513702,0.9975903741451044
2025-02-25,80525.55967738558,76058.80907929078,21.56375590869743,4488.314354003514,399.2005976420022,49784.01895891923,30.613023206433507,1566.2327770671143,1418.1670571243546,49666.5662621829,22284.806779436927,18050.693491343915,6000.000000000003,5999.999999999999,0.9943596383059328,1.0014295754891531,0.9951754056390562
2025-02-26,74129.1942091358,76471.76333711394,2342.5691279781386,0.0,638.2542110272511,45323.76108945161,2269.6110302102393,0.0,2357.8535027885405,49951.22562245039,22942.406129756928,18583.348965103112,5999.999999999999,6000.000000000002,0.9925426996989886,0.9965218850432828,0.9961263848651406
2025-02-27,74789.6848103978,74839.34978372307,347.1156650102446,297.4506916849725,598.0113982450092,45924.62404398977,355.4069853426026,70.66424069253918,2600.7813642360697,48810.1481528759,23137.990584820538,18741.77237370464,6000.000000000002,6000.000000000004,0.9829355985653466,0.9889565035865546,0.9952064423819277
2025-02-28,35158.828321810695,35379.307115619384,220.4787938086853,0.0,407.8194181081586,18183.931254515308,285.2081644952518,0.0,1598.8261916364465,20067.965610647007,17715.237487881102,14349.34236518369,6000.000000000004,6000.000000000003,0.9886796844089696,0.9941008540407956,0.9925002193106928
2025-03-01,41399.14034067901,38848.293121054216,0.0,2550.847219624797,345.7585987795621,21168.693499806377,0.0,719.2385785563873,1546.9858742279494,21996.44079547794,17894.756843109175,14494.753042918432,6000.000000000003,6000.000000000002,0.9265829955387808,0.9269593731843201,0.9411304647763937
2025-03-02,83895.43802131001,82255.26747204554,68.532570472795,1708.7031197372594,474.09371156879376,52013.05828387124,81.88256051038218,655.1689685338671,2280.50894513867,53720.28082098643,24609.8077300893,19935.60142025447,6000.000000000002,5998.158712353185,0.9528800726259044,0.9496768797196007,0.9659777930140003
2025-03-03,85942.61748774348,80659.01807418485,35.533181853837505,5319.132595412462,757.675396835513,53384.42458990743,41.50485147355308,1715.1354114287117,3249.654705225522,54960.44873517779,23449.30071713313,18992.276421995706,5998.158712353185,6000.000000000004,0.9678682793957922,0.9579293471028482,0.9709551345787683
2025-03-04,77170.42250482853,77418.08480380826,265.09512683470825,17.43282785497263,1103.497059536952,47624.62474421088,343.12815554594215,4.842010700808385,3849.2038510644893,51812.11474012051,22819.68627936324,18483.94588628423,6000.000000000004,6000.000000000001,0.9695707692068656,0.9561153820760901,0.9692490002020578
2025-03-05,81125.52021344972,75436.12496421518,0.0,5689.3952492345325,739.8568708089188,49992.093195192174,0.0,1964.5816040293405,2991.4703093699286,51018.98190053276,22810.841900191495,18476.78193915511,6000.000000000001,6000.000000000001,0.956345872528061,0.9530188647148381,0.9681443522618517
2025-03-06,75869.25614408436,75370.931942878,0.0,498.3242012063604,348.82647064154287,46591.86324823088,0.0,180.86129989674492,1203.0259626404493,47614.02791097459,23398.060151581794,18952.42872278125,6000.000000000001,6000.000000000004,0.9704452885906821,0.9546619013085429,0.9691437029245747
2025-03-07,36849.83720104252,34903.9616279459,0.0,1945.8755730966186,550.8005601373197,19328.361972566323,0.0,698.826129213161,2166.9229283359964,20796.45877168916,17080.962232082806,13833.901519930274,6000.000000000004,6001.864320063117,0.9305276897093716,0.9130033828697247,0.9389450836977239
2025-03-08,32765.514403408775,33062.98571849819,297.4713150894122,0.0,339.12758551264716,17156.73231089501,427.3908246226798,0.0,1025.4424271479224,18609.56556266561,16352.153941186556,13246.922580417915,6001.864320063117,6000.000000000001,1.0126259187052102,1.0001932541108411,1.0039053983828339
2025-03-09,77116.98776740054,73069.00954289234,48.079074442857404,4096.057298951064,458.48686942279767,47116.15330414007,69.17685540036608,1194.4478676728238,1647.4828970715837,47638.36518893919,23419.98672081262,18970.189243858225,6000.000000000001,6000.0,0.9990461133473585,0.9991933129285011,0.9986436035565727
2025-03-10,74220.55014132777,76292.8537916689,2078.1250353698247,5.821385028708164,754.2125058986503,44982.962154727575,2284.799521349557,1.6538554866559896,2582.9805729648597,49849.088393555336,23598.81228178706,19115.03794824752,6000.0,6000.000000000001,1.0074503989786048,1.001807630680451,0.9995433693719317
2025-03-11,66752.67647983025,71471.01296479326,4718.336484963017,0.0,801.120285023875,40676.90978604036,3810.8577419647813,0.0,3302.90396184795,47790.6714898531,22135.749022555698,17929.95670827011,6000.000000000001,6000.000000000002,0.9845704641224161,0.9960404851871393,0.9961989813457213
2025-03-12,75569.79607282612,72770.51012127155,0.4098681165559128,2799.6958196711257,370.0536962428372,46251.71261659268,0.7516571389518885,867.1765361706824,1111.8327770820308,46497.12051464298,22322.34670513304,18081.100831157764,6000.000000000002,6000.000000000002,1.0019626912278765,0.9995478864851648,0.9985902555921333
2025-03-13,75575.77310840535,76800.66696860491,1241.7962519100518,16.902391710480515,448.4016753684919,45889.00028278892,1360.1020098056924,3.8928249659585497,2039.8197218823566,49285.029189511006,22920.60465784749,18565.689772856473,6000.000000000002,6000.000000000002,0.9979790536427833,1.004304670128548,1.0029894980529903
2025-03-14,31831.530111872427,32640.16221577358,808.632103901151,0.0,287.1568798039651,16446.45100580651,1173.2709061238077,0.0,785.3196813983659,18405.041593328686,16015.453004154802,12972.516933365394,6000.000000000002,6000.000000000003,1.0096545116193525,1.0071185650205403,1.0097324713829474
2025-03-15,32117.426235342933,32787.12491529351,669.6986799505779,0.0,292.7770318450799,16456.961033366053,958.0716892949893,0.0,1035.7354216323502,18450.768144293394,15893.373937870496,12873.632889675104,6000.000000000003,6000.000000000002,0.9980726531371517,0.993376418295736,0.9974549377152009
2025-03-16,73239.44638658436,73530.65795040176,1136.5477844788597,845.3362206614631,338.85635848031956,44851.061389553375,1106.0105199111415,308.00655052919865,1168.344656541827,46817.410015477144,22804.161384187384,18471.370721191783,6000.000000000002,6000.000000000001,1.0016720689091652,1.0022179829054585,1.00412388701683
2025-03-17,69154.03076543903,66468.36495461526,490.67923535379657,3176.3450461775733,671.5880519700823,41283.78475463266,630.1815736705126,770.6979336657992,3019.1918660383776,44162.46026067575,21525.49995988605,17435.654967507704,6000.000000000001,6000.0,0.9868757010268306,0.996839004184048,1.0007228898998741
2025-03-18,77164.15915444444,72046.72119348217,0.0,5117.437960962264,299.92746979617937,47275.6673006061,0.0,1683.659872503205,955.6365584490075,46547.643986551906,22383.09696664667,18130.308542983803,6000.0,6000.000000000001,0.9901980659765997,0.9925429701666865,0.9963168960600066
2025-03-19,64984.97075033607,67406.10076800734,2421.1300176712625,0.0,965.2439611295573,39601.66893795511,2180.505434175829,0.0,3292.277317763,45074.45168989394,21984.581804369845,17807.511261539577,6000.000000000001,6000.000000000002,0.989816507337414,0.9897706736740091,0.9956345906205432
2025-03-20,73215.37709133401,70558.43997600254,519.9986232470012,3176.935738578468,725.3573913234962,44841.60916116934,624.3807631266628,1122.6092227593085,2859.3504889192077,47202.731190455896,22026.61379418392,17841.557173288977,6000.000000000002,6000.000000000002,1.0018971423910599,0.9971309549012798,0.9961283655977977
2025-03-21,31066.674019027778,31227.74943991522,265.0151183656818,103.93969747824043,424.9692791381701,16093.161675620362,402.4956337173848,42.35299437159306,1095.1891954075818,17548.493510373737,16000.000000000004,12960.000000000004,6000.000000000002,6000.0,1.0122063141608617,1.0090101363934534,1.0025600770422156
2025-03-22,32823.89645111111,33264.6895653179,440.7931142067901,0.0,360.1459298239451,17245.025769992444,321.02700231010965,0.0,884.6003488721295,18450.653121174684,15723.884845904406,12736.346725182566,6000.0,6000.0,0.9884630763952201,0.9970724537601591,0.9942015509273331
2025-03-23,74426.42271369684,71760.38312234063,0.0,2666.039591356203,329.36718561351904,45227.537716341816,0.0,928.8563925522996,1328.7249229462905,45627.40624673581,22350.827425335923,18104.170214522102,6000.0,5999.999999999999,1.002378828526574,0.9978165221287835,0.9963520167118795
2025-03-24,70019.78664178327,68839.64419486593,536.1772590616577,1716.3197059789934,349.7824816400356,42254.958223329886,660.2987654471804,485.7577315469783,914.9809559968857,43344.480213226976,22200.807942292013,17982.65443325653,5999.999999999999,6000.000000000001,0.9968820642458595,0.9977125777185478,0.9966629901397398
2025-03-25,76733.84000556926,71052.25710360306,104.28615079750807,5785.869052763712,491.598145522942,46724.66088351462,177.94421516090645,1862.779837382262,1462.1865310774099,46502.01179237067,22303.469544229654,18065.810330826018,6000.000000000001,6000.000000000002,1.0105698776739946,1.0089675543640917,1.0058110171243533
2025-03-26,67414.52431928326,65978.19071489395,670.2569581068879,2106.590562496199,300.1146108018952,40726.545533123404,805.8300208195217,680.8233444733033,853.1377301466736,41704.68993961629,21748.51682052444,17616.2986246248,6000.000000000002,6000.0,1.0030080971169064,1.0034772221247508,1.0026551960253538
2025-03-27,70431.71072649519,67979.10855007415,47.8243309681726,2500.4265073892175,519.5909898824159,42881.9604808751,77.05676025736355,860.817214977259,1786.8688102692422,43885.06883642445,21478.200461109373,17397.34237349859,6000.0,6000.0,1.002175416751976,1.003946562612224,1.0027714638177985
2025-03-28,32186.67985302469,32265.21206042234,78.53220739764991,0.0,203.18046111933793,16417.2469831729,119.41134774351053,0.0,678.3361064808173,17214.994437397225,15522.310516514204,12573.859722590843,6000.0,5999.124217539628,0.9891328327582184,0.9983962922269185,0.9910425545880374
2025-03-29,30387.836155555557,31072.982386318075,685.1462307625205,0.0,206.18359749507366,15267.955435580834,981.6542618759089,0.0,809.1252498387781,17058.73494729552,15758.444787819726,12763.552073919644,5999.124217539628,6000.0,1.0015033358914052,0.9997963850438529,1.0010794560687248
2025-03-30,69866.190359369,64695.02953356704,9.068893115226615,5180.229718917187,520.6935634329498,41947.72034402898,13.620662158487736,1422.9119987908184,2074.6897031330677,42613.118710529714,21541.338379822613,17448.484087656318,6000.0,6000.000000000002,1.0015716342092174,1.0067835912847567,1.003570451632395
2025-03-31,62488.96849681756,64822.05913665235,2333.0906398347965,0.0,588.8326909953535,37459.02975904425,1863.7962997361171,0.0,2218.9334082081323,41541.7594669885,21598.994911595397,17495.185878392273,6000.000000000002,6000.0,1.0047003308287603,0.9978051391070212,0.9985089478661522
2025-04-01,74523.72750194102,72237.85279370582,176.7565454137785,2462.6312536489627,501.9456460573921,44466.63914356154,207.79473597210745,657.2327431190514,1633.9419322440008,45651.143068658595,21506.925693607678,17420.609811822225,6000.0,6000.0,1.0200137803629117,0.9978026402862468,1.0011657939295482
2025-04-02,70857.566285,70725.56908525877,182.70885218375062,314.7060519249694,441.5450701372962,42525.24439362183,192.824608902544,86.92501605062509,1717.9300842986863,44349.07407077243,21541.8864272871,17448.92800610255,6000.0,6000.000000000004,1.0180742187712217,1.005368192667609,1.0025009272450789
2025-04-03,71929.51019788408,67845.33923054735,0.0,4084.1709673367227,303.41814000271,43783.45389551882,0.0,1401.973016812194,943.0056622254115,43324.486540932034,21999.561300946123,17819.64465376636,6000.000000000004,6000.0,1.0051957209289106,0.9967710530324373,0.9995452219106553
2025-04-04,29871.087466944446,29871.259876317126,0.17240937268113044,0.0,380.7739495881134,14973.845147827446,0.22734761928597264,0.0,1632.8449797878861,16606.91747523462,15739.780089983715,12751.273323880061,6000.0,5997.720610007503,0.999318637490608,0.9920594937082073,0.9978953749866759
2025-04-05,29615.607269305558,29706.31239414515,90.70512483959294,0.0,1095.7950091161524,14857.498000416766,155.11127508054727,0.0,4432.323124620102,19444.932400117417,16008.439399187178,12964.784462348367,5997.720610007503,5999.999999999998,1.0075415665376173,0.9942092168985945,1.0077690001678503
2025-04-06,68593.98954632551,65387.58147439344,333.398135818695,3539.80620775077,272.43969338093905,40516.31769662136,453.2986502524084,955.5776772839699,1194.0298120322275,41208.068481622024,21696.380919234824,17574.068544580205,5999.999999999998,6000.000000000003,0.9949646853475173,0.9915458398985695,0.9917322461852324
2025-04-07,61431.017868055555,61903.898886741845,1178.3948613363964,705.5138426501051,456.2014329357577,36213.34609116452,1329.8935040040817,159.6586500989265,1608.2288209856947,38991.80976605537,20370.149140697766,16499.82080396519,6000.000000000003,6000.000000000002,1.004852891939953,1.000965648897503,0.9974767393381528
2025-04-08,69912.61204568586,64476.75604150297,0.0,5435.856004182889,476.4109252812479,42056.13481087445,0.0,1701.802992246058,2295.819003846367,42650.15082247476,21448.408075393294,17373.21054106857,6000.000000000002,6000.0,0.9789711137208142,0.9920748531618921,0.9942322611489558
2025-04-09,68451.21639700102,68097.39414227569,93.63741148582426,447.4596662111573,504.7236113013063,40882.62839486151,62.25015115577596,173.37954054115085,1924.1069650330958,42695.605970509234,21944.630796427366,17775.150945106165,6000.0,6000.000000000002,0.9836828122666861,0.9909407841992162,0.9953748686613867
2025-04-10,66596.39828848938,64559.456455113126,41.48303854279476,2078.4248719190377,416.85485543235734,40214.72592346163,27.577924023249953,781.6351875432572,1806.5046710173478,41267.17333095897,20953.20964111488,16972.09980930305,6000.000000000002,6000.0000000000055,0.9944972090512597,1.0020690036400504,0.998452171580111
2025-04-11,28314.163954722226,28394.02381877597,79.8598640537468,0.0,711.6461347245657,14000.33835616803,110.30125066275261,0.0,2895.293358771079,17005.93296560186,16001.64057606356,12961.32886661148,6000.0000000000055,6000.000000000004,1.0091729768635318,1.0063664362430313,1.0035386283191572
2025-04-12,30167.026344027778,29614.27964222899,0.0,552.7467017987866,128.46209963664808,15424.694152102207,0.0,241.35416531172942,424.75146073555726,15608.091447526034,15709.78435872284,12724.925330565498,6000.000000000004,6000.000000000002,0.9857896746399029,0.9935754709977991,0.9922914931894721
2025-04-13,63871.30602280864,63032.161350355105,30.10157119040605,869.2462436439417,484.13728576878907,37792.19847584817,32.041777216686974,201.60409427983902,2088.573389361821,39711.20954814684,21157.04118585835,17137.20336054526,6000.000000000002,6000.0,0.9913974983819935,0.9953712550033634,1.001696881100782
2025-04-14,66903.06520848937,61082.40368375209,2.6516007772252124,5823.313125514499,722.0508777043423,40060.95930457837,3.670163683991112,2112.04667820418,3060.801659050514,41013.3844491087,21333.333333333336,17280.0,6000.0,6000.000000000002,1.0111080490755706,1.0062106271197617,1.008722561855275
2025-04-15,59886.26873353737,59437.99775485442,718.4047277697092,1166.6757064526623,531.8332831587145,35335.89707959292,803.0035581160989,261.1788261289124,2255.9747941592645,38133.69660573937,20144.198279712728,16316.800606567313,6000.000000000002,6000.000000000004,0.9871168255126741,0.9932751657501461,0.9960276665262386
2025-04-16,65592.20455524519,64820.76306010108,631.2135587397458,1402.655053883853,399.23691996318945,38398.16680229694,846.0625968677967,343.2297272383189,1459.648506231233,40360.64817815765,20764.5628701938,16819.295924856982,6000.000000000004,6000.0,1.0081737470224874,1.0021291844859317,1.0028224373740788
2025-04-17,60030.882660913914,61543.3008959578,1795.5465370975223,283.1283020536372,271.4233406729491,36206.63547361122,1265.2308150420122,95.4875719509796,915.2870090594713,38291.665725761726,20496.556636079284,16601.509623038684,6000.0,6000.7791690950435,0.995353341050322,0.9978931218421536,0.9994172493903976
2025-04-18,28829.181769027775,28829.181769027775,0.0,0.0,530.8941048975314,14280.606188003929,0.0,0.0,2000.2694183052013,16280.87560630913,16014.160622088726,12971.971700456337,6000.7791690950435,6000.221839578963,1.0084004899805696,0.9969641221871274,0.9958825095384582
2025-04-19,27979.487966188888,28563.582346254054,584.0943800651673,0.0,361.0024347161791,13600.229802862099,823.0655759991259,0.0,1302.1651111807296,15725.460490041954,15899.333604146394,12878.659874979643,6000.221839578963,6000.0,1.0037439260510437,1.011935237951932,1.0000706478381889
2025-04-20,61370.68814154149,61261.581620269506,315.6472249480826,424.7537462200684,497.85521779917514,36429.8722673802,397.99160214783734,97.68096666239764,1466.9967160214117,38197.17961888705,20716.12714597434,16780.062988239213,6000.0,6000.000000000004,1.0083937797740243,1.0075531436670966,1.0012542640874256
2025-04-21,65628.0966347205,56882.32028701788,0.0,8745.776347702627,918.3016722070383,38799.51703666465,0.0,2316.2748977587794,3119.374126855724,39602.61626576159,19033.155101404027,15416.855632137263,6000.000000000004,6000.000000000002,1.0038556383004649,1.006822290721763,1.0048720697883102
2025-04-22,57622.73315291838,59881.13985544962,2258.4067025312356,0.0,827.8515832072927,34300.721124335934,2028.9182502243632,0.0,2661.45687514309,38991.09624970339,19882.175853468118,16104.562441309175,6000.000000000002,6000.000000000002,1.0209326119679003,1.0115510425221756,1.006948308037656
2025-04-23,57151.196074819956,60023.793631395405,2872.5975565754493,0.0,549.7254975738565,33729.00127588795,2317.9709799515595,0.0,1937.6687357099213,37984.64099154944,20543.24708490946,16640.030138776663,6000.000000000002,6000.000000000002,1.0091229718888812,1.0083671285162137,1.0041636617846779
2025-04-24,58782.81832389746,57209.38064467376,503.562119323978,2076.9997985476775,347.8424366013235,34851.97376056393,668.7020815284682,479.9396791879262,1209.981008316849,36250.717171221324,19468.566242202138,15768.65034782617,6000.000000000002,6000.98700928618,1.0012097270187632,1.00028570944419,0.9995706967514796
2025-04-25,27754.50593236111,27307.714400282817,0.0,446.79153207829086,259.7790649999024,13797.249634733735,0.0,208.90073951993588,825.0802335412297,14413.42912875503,16003.81739465185,12963.922678675868,6000.98700928618,6000.064132610775,0.9766172744400798,0.9869446197086603,0.9997089689139673
2025-04-26,27720.06191486111,27720.06191486111,0.0,0.0,377.6884678990385,13695.803779369211,0.0,0.0,1396.230637686815,15092.034417056026,16012.524221955704,12969.802398073478,6000.064132610775,6000.444378955937,1.0015967998508117,0.9969745533947669,0.9988528893938273
2025-04-27,57916.48391598696,57924.2573196363,270.35267420513543,262.5792705557941,825.6158695905917,34104.80626881218,322.19288225195476,57.18701829325944,3753.6864729774584,38123.49860574833,20525.482603590433,16626.04084996859,6000.444378955937,6000.000000000003,0.9924609005230425,0.9909006138659519,0.9962602230998536
2025-04-28,69808.2857473834,67193.57381032241,0.0,2614.7119370609917,309.44288643647906,40979.501004128106,0.0,813.054058497222,1140.0273855426267,41306.474331173515,21245.788127277647,17209.088383094888,6000.000000000003,6000.000000000002,0.9900035540869756,0.9887276901710884,0.9922530253789548
2025-04-29,60010.00367055089,57855.009876943135,429.7759576607831,2584.7697512685377,302.54519107691397,35385.05488307352,572.1824855819181,594.5821671220524,1469.8564686076922,36832.51167014108,19187.41676646279,15541.807580834857,6000.000000000002,6000.0,0.990331171762572,0.997432849026914,0.9964211628948243
2025-04-30,57147.78390817215,55519.49069357773,0.0,1628.2932145944137,1066.7004630633699,34094.17829221701,0.0,532.9621058757675,4174.800522739126,37736.016709080366,18824.38843922656,15247.75463577352,6000.0,6000.0,0.9779053850167334,0.9933587525062998,0.9945680506934061
2025-05-01,59555.902137667195,59068.52247317089,0.0,487.3796644963057,2122.657409093601,35694.88039774733,0.0,125.60830986082415,9811.440150860542,45380.71223874705,21385.03856116662,17321.881234544966,6000.0,6000.0,1.0005980910621528,0.9948987627084407,1.0041592133609138
2025-05-02,29660.93171097222,29678.34691716037,21.66015819057577,4.244952002427581,1330.6933633941742,15217.961990770402,29.927145985994184,1.9072285390695793,5911.0178856441935,21156.99979386152,15944.307335003732,12914.888941353023,6000.0,6000.000000000001,1.0137858762709149,1.013366974730219,1.0172916933492713
2025-05-03,28743.839378611112,28753.49194167878,9.652563067670144,0.0,1468.90676656545,14291.498888148864,12.55874967765695,0.0,7338.261276111226,21642.318913937746,15739.924086296178,12749.338509899906,6000.000000000001,6000.0,1.0035497463445915,1.0009798154071217,1.012563361163543
2025-05-04,63654.93414987139,56446.75062466507,4.658481644641483,7212.842006850968,2362.675394967516,37585.364656772035,6.732472286935833,1881.1166566732247,9784.195341730356,45495.1758141161,18197.643944917232,14740.091595382957,6000.0,6000.000000000004,1.0138656601011085,1.0069899251260859,1.0139107700598595
2025-05-05,64663.5746268347,62428.24449824942,0.0,2235.3301285852813,1611.9918118710261,38909.19475193038,0.0,894.9694776395638,7171.769741228221,45185.99501551904,20653.561912670946,16729.385149263464,6000.000000000004,6000.000000000001,1.0002058733763965,1.00277640108375,1.0098193261708632
2025-05-06,56678.99326898662,58900.26936146409,2468.2113750556477,246.93528257818127,2205.7824860089586,33821.07887388632,2032.9409280364557,54.67657775079792,9243.482548806482,45042.82577297846,21409.43267993712,17341.640470749066,6000.000000000001,6000.0,1.0262311288214887,1.0094495824692513,1.0136709025742732
2025-05-07,60583.903546085385,61858.34183521226,1274.4382891268738,0.0,1611.671071182657,36533.37686055068,888.9887438546365,0.0,7348.199166216437,44770.56477062175,20778.026641612374,16830.201579706027,6000.0,6000.000000000002,1.0191682325999973,1.007294737264994,1.0134529369964265
2025-05-08,69580.82892432099,66906.95008229617,53.03340820618595,2726.912250230991,501.2980393436545,41801.30174904457,71.18335346898589,698.1419486087481,2235.5096151073694,43409.85276901218,20200.009079084477,16362.00735405843,6000.000000000002,6000.000000000001,1.002362406297258,1.0029545161802067,1.0027346498600145
2025-05-09,31486.244603333333,31507.06090855456,76.9666740347431,56.150368813515044,322.9903209899897,16822.73804980683,114.57699558934495,23.604941329227845,1147.4182040425064,18061.128308109455,15999.999999999998,12960.0,6000.000000000001,6000.000000000002,1.0031012769656864,0.9962345237390434,0.997260743203692
2025-05-10,31278.9854175,31509.875556317886,230.89013881788713,0.0,287.4995716411536,16758.716575407474,313.1728709483679,0.0,1140.4855671912733,18212.375013547116,15473.39197409897,12533.447499020169,6000.000000000002,6000.0,0.9934958430021642,0.9941205962617901,0.9942716952807421
2025-05-11,67871.69041047186,65287.61803108329,190.50744988698176,2774.5798292755408,406.5599752704668,40834.335853179495,267.8479147921307,682.3707790218714,1438.1652512061853,41857.97824015594,19988.01176292183,16190.289527966683,6000.0,6000.000000000002,1.0075552324999129,1.0000347015794266,0.9988023547389587
2025-05-12,60989.03870007887,61708.826981751816,1034.5308039674585,314.7425222945111,399.19512263038325,37059.08553121089,1201.9461743861405,71.15268988436719,1385.8222269712867,39575.70124268395,17718.151284368447,14351.70254033845,6000.000000000002,6000.0,1.0056529648349888,1.004248774289538,1.0012689916474817
2025-05-13,69361.72514919582,62772.65364979761,229.98268180993378,6819.0541812081365,691.2017126998176,41539.41666280346,268.12028422603197,1844.9731738706319,3345.569114746708,43308.132887905565,18724.59271012452,15166.920095200861,6000.0,6000.0,0.980122560852537,0.9945385604485982,0.9979440449348062
2025-05-14,68134.71856558813,64086.50556327435,0.0,4048.2130023137765,277.0622416937156,41821.699269647055,0.0,1253.9844643433364,978.124571050541,41545.839376354255,18931.446224121642,15334.47144153853,6000.0,6000.0,0.9905366452247545,0.9928869745283662,0.9959848639426588
2025-05-15,66094.4739760991,63500.017391626614,71.23831552661716,2665.694899999104,290.2213813762854,41217.48650730398,47.35923216209508,914.2172726131598,1014.2041197803366,41364.832586633245,19056.01894729359,15435.375347307807,6000.0,6000.0,0.9949327890770753,0.9956665082020003,0.9966886447999991
2025-05-16,30518.81829527778,30183.910732957713,0.0,334.9075623200633,422.01451810305423,16727.601116768776,0.0,155.7393344067813,1217.0984323841901,17788.960214746185,15999.999999999996,12959.999999999998,6000.0,6000.000000000001,0.992700722063084,1.0023219323588919,0.9975552684489285
2025-05-17,31011.30161,30889.333169984657,0.0,121.96844001533881,311.2766181513159,16791.603724907996,0.0,52.125038327575155,843.0051748096437,17582.483861390065,16006.7379832798,12965.457766456635,6000.000000000001,6000.000000000005,1.017318368145668,1.011267255087121,1.0078900132131556
2025-05-18,70758.26588272804,67609.26897035369,0.0,3148.9969123743626,163.04363898194094,42628.247677427964,0.0,876.297604913071,434.7910590277035,42186.74113154259,20151.971126268974,16323.09661227788,6000.000000000005,5999.999999999998,1.0106059048207172,1.0108372583669045,1.0042954245416675
2025-05-19,64866.75776191358,59623.97047373302,79.3311507550076,5322.118438935566,218.69370782005205,38955.291604653736,89.79877609030854,1249.5666240421062,1265.7135893832863,39061.237346085225,18882.461238803928,15294.79360343118,5999.999999999998,6000.000000000002,0.9903526965152548,0.9905375511569368,0.9942255871786179
2025-05-20,64118.904439741076,64536.67950516941,431.1427269275784,13.367661499240171,389.6698558479977,38824.04221051102,443.78622276752355,3.041811374152101,1444.7925485498688,40709.57917045426,19172.73651770705,15529.91657934271,6000.000000000002,6000.0,0.998292571214827,0.9966417541836251,0.996183920705647
2025-05-21,60252.544258616246,61238.06574509578,991.6805993440037,6.15911286446908,334.96799276137165,37080.080706301706,995.8221936335187,1.2666215605780662,1165.0443867806393,39239.68066515528,18845.053449142986,15264.493293805821,6000.0,6000.0,0.9968423786273355,0.997542583804428,0.9947125499718296
2025-05-22,62104.2984061231,61484.14125097339,72.13259533037132,692.2897504800866,268.9915363683357,38091.11549875176,44.502204689072585,161.37274083690818,923.5758575948133,38897.820820198736,18603.67438237645,15068.976249724923,6000.0,6000.000000000004,0.9966201924302928,1.0049957859927154,1.0009943904290655
2025-05-23,30247.547803472222,30868.278485580933,620.7306821087128,0.0,239.25253641560303,16022.752626253292,853.5124671542002,0.0,782.3822723146039,17658.647365722096,15828.004548698442,12820.683684445734,6000.000000000004,6000.000000000002,1.009350083408797,1.0100659642589986,1.0107252215784304
2025-05-24,31048.29144125,30992.002214993172,0.0,56.289226256825145,116.57499061653505,16951.23365346908,0.0,28.98420289921492,317.71278099863247,17239.9622315685,16060.978525773095,13009.392605876208,6000.000000000002,6000.000000000001,1.002395597749219,1.0003107058942382,0.9947370901660635
2025-05-25,64734.322246296295,59694.19841700603,35.447875064486254,5075.5717043547465,380.6504074086276,38734.945832139056,42.76251867778918,1166.4052932335233,1372.421251444886,38983.724309028206,18107.71121006118,14667.246080149554,6000.000000000001,6000.0,0.9820749226464608,0.9932029241238595,0.995346733335405
2025-05-26,61879.6913434585,64332.40599548951,2452.7146520310175,0.0,579.6170357983344,37971.04837916085,2052.4540421473343,0.0,1635.2609539646369,41658.76337527282,19588.960204229195,15867.057765425652,6000.0,6000.000000000002,0.9940203542668862,0.996448060885897,0.99347486312187
2025-05-27,59454.485487906386,59837.875891783275,383.3904038768926,0.0,455.5164726301579,36698.39690598334,254.8779404973582,0.0,1794.9544242244244,38748.229270705124,17980.997382331665,14564.607879688652,6000.000000000002,6000.0,1.0050426503358179,1.0025264474989,0.9978134335221125
2025-05-28,66557.38349638888,65371.476195970696,241.89876118547852,1427.8060616036657,162.95387707429393,39976.44551850125,333.6834349855382,381.66574936397507,406.99964660175766,40335.46285072457,21195.842983858613,17168.63281692547,6000.0,6000.000000000001,1.0034261991945916,1.002613415766131,1.0003003211124883
2025-05-29,64989.7921775,64744.00009445583,732.2389364754227,978.0310195195987,469.37939992538423,39188.63430933969,544.421157480349,220.53077418095057,1589.870095412689,41102.39478805178,20824.766715831756,16869.021209207134,6000.000000000001,5998.933145129545,1.0157646024888594,1.00111341247633,1.0051073103172847
2025-05-30,30692.89766847222,30692.89766847222,0.0,0.0,260.5691807200024,16596.824180237734,0.0,0.0,875.6653044684379,17472.489484706173,15936.133801194166,12907.308209583865,5998.933145129545,6000.0,0.9844644101040195,0.9898611802579615,0.9963532491423953
2025-05-31,32710.46964625,31626.78549632277,0.0,1083.6841499272286,259.80228415539426,17916.65464153557,0.0,482.0723689473161,736.189663983667,18170.77193657192,15133.633955366487,12258.243503846854,6000.0,6000.000000000001,1.0056091992347025,1.002742785286218,1.0040285125950452
2025-06-01,79566.61876230109,78911.15428074199,2745.061409536926,3400.5258910960238,3540.9933744340096,48662.679455228674,3375.639087545774,1222.264726897697,12439.691382431605,63255.74519830836,23118.859256194795,18726.275997517787,6000.000000000001,6000.0,1.0762061659386086,1.0328658931194137,1.0462114068644601
2025-06-02,80157.6634600823,75187.91661985205,766.0922874410224,5735.839127671274,3305.1423737936693,49486.37461191214,1183.1547764134914,1747.9056968836903,11226.962772174711,60148.58646361665,22923.815172434148,18568.290289671662,6000.0,6000.0,1.0835617344449864,1.0391696133897799,1.0554574589812196
2025-06-03,74397.49937743484,76025.60713273879,2282.801210498502,654.6934551945587,3377.1029188536286,45466.44231516994,2907.3713246031425,193.3511009379342,12580.278883703932,60760.741422539075,22911.589695093026,18559.73777583696,6000.0,5998.49986354266,1.0765344502517684,1.0302338855945707,1.0510375553352598
2025-06-04,84451.78870790123,79259.04171406005,677.0079882910859,5869.754982132268,2865.434031271389,52236.89659104783,1033.058017274302,1932.2014746050563,9510.186690958813,60847.93982467589,23464.407433902885,19004.81989864973,5998.49986354266,6000.0,1.1,1.042767670335918,1.0543035737467092
2025-06-05,73702.50268382372,77312.07339118992,3903.4404609868675,293.8697536206789,3421.7456413983004,44584.052314070774,4881.747523623796,66.21987605459226,11885.12370228954,61284.70366392951,22970.053507646673,18614.598281258674,6000.0,5990.161177705698,1.0844796178140936,1.0380018813030596,1.0464953901324114
2025-06-06,36018.746228275035,36325.461469217254,548.6906672443729,241.97542630215193,2910.570046116352,19899.2660164243,872.8180486376359,112.02024060270037,10264.258813275133,30924.322637734367,14522.927799585119,11767.911538576844,5990.161177705698,5985.338932246921,1.1,1.0432385808357276,1.0787930356910918
2025-06-07,42117.32256118142,41916.77113530229,887.8133937164048,1088.36481959553,2163.6092847275013,21993.39658581118,1436.869930252053,240.51260908643928,7955.551739555926,31145.30564653272,14218.84935207071,11504.0730141995,5985.338932246921,5999.999999999999,1.0934618811174823,1.0497548351514603,1.0881474950591197
2025-06-08,80986.58668727922,76710.5860078383,351.58995634333763,4627.590635784253,370.91287193681325,50391.14659047578,373.39923911869226,1363.9492332309733,1264.9406670163246,50665.53726337982,20413.194350132384,16534.687423607233,5999.999999999999,6000.000000000002,0.9868470031879366,0.9896964743739233,1.0003449830818711
2025-06-09,89804.80409676269,85380.18811137979,0.0,4424.615985382901,259.65511403177334,57020.02339037622,0.0,1525.228779717593,656.5241231689162,56151.31873382754,23198.800086767224,18791.028070281453,6000.000000000002,6000.000000000001,1.0074725197045096,0.9997547236013126,1.0008385527182655
2025-06-10,83535.24953230405,83274.4924760794,334.88535280975935,595.6424090344194,537.1456391831163,52344.49973135609,371.80791395094315,151.48563967271105,1583.0380751388727,54147.86008077319,22918.62792295588,18564.088617594265,6000.000000000001,6000.000000000002,1.0007466209721718,0.9989218057850895,0.9922421657641229
2025-06-11,89371.74251422763,89104.39501697305,0.0,267.34749725457857,605.3152426746634,57036.86608449119,0.0,105.51483660224315,2691.8646905057394,59623.215938394686,24512.589756716658,19855.197702940488,6000.000000000002,6000.000000000002,0.9753717038258412,0.9900960494972434,0.9969719409306155
2025-06-12,87415.11725449136,86077.30370919264,0.0,1337.8135452987146,255.72087273382812,55365.46089351674,0.0,547.1797773156065,1198.023974475382,56016.30509067652,23183.00366204154,18778.232966253647,6000.000000000002,6000.000000000002,0.9773808801908264,0.9908354800075692,0.9968068418447802
2025-06-13,42818.99173907639,42790.91605829326,0.0,28.075680783127382,98.68198148425266,25122.475540066454,0.0,13.484898663829918,463.4274412549539,25572.418082657576,14363.609741819546,11634.52389087383,6000.000000000002,6000.000000000002,0.9774809597333342,0.9933648566972895,0.9899589551177616
2025-06-14,44007.459744420434,43322.77351252289,0.0,684.686231897547,62.361653083107655,25735.688627256735,0.0,274.73380874101497,220.09492595156652,25681.049744467287,13457.14247579318,10900.285405392471,6000.000000000002,6000.0,0.9887544654256303,0.9863958260945794,0.9849054415397615
2025-06-15,81846.56874648108,82305.17970072599,674.5812061523914,215.97025190747559,629.244209168379,51486.751900598894,471.99501788751957,75.93352859282712,2474.8680380065243,54357.68142790012,23522.254709834102,19053.02631496562,6000.0,6000.000000000002,0.9846851882120742,0.995150872569767,0.9943619477434319
2025-06-16,85287.19449043895,85334.15582403203,251.25401519681205,204.29268160373965,361.9312274233779,53766.15711996562,300.44955137234786,63.239502579608576,1415.3666173281722,55418.73378608653,23763.945726278518,19248.796038285596,6000.000000000002,6000.0,0.9918082386431504,1.0016475518447099,0.9985983275483857
2025-06-17,86863.71731166667,86352.73190313505,18.99138747575543,529.9767960073711,632.5866447401006,54591.294627423835,19.65323732928551,194.24330661233577,2664.3762572574346,57081.08081539822,24056.084583541306,19485.428512668455,6000.0,6000.000000000001,0.9876996529013721,0.9973590010278659,0.9972468981703456
2025-06-18,87475.5614888546,85330.47257932842,0.0,2145.0889095261855,399.92268612240593,55027.238372255604,0.0,767.4040584369533,1605.1622029855187,55864.996516804174,22518.02241594709,18239.598156917145,6000.000000000001,6000.0,0.9797967591437753,0.9892874685503228,0.989211988555496
2025-06-19,82326.50721477366,80516.02861322145,1862.1197069143507,3672.5983084665627,485.9786107468381,51517.293928407766,2008.3348370261951,1304.7638954740416,1706.7682082102606,53927.63307817018,23286.239108645936,18861.853678003205,6000.0,6000.000000000003,1.000569156177646,1.0005312945974099,0.996498306212229
2025-06-20,40125.43193301528,39959.301962054706,0.0,166.1299709605687,61.57623197189619,23993.886407851,0.0,86.56250868725975,186.7475151879779,24094.071414351718,15431.612587046562,12499.606195507711,6000.000000000003,6000.0,0.9832434601696463,0.9956145144920961,0.9906085536908655
2025-06-21,40038.92080888889,40011.49647400054,0.0,27.42433488835502,12.778375000000153,23454.812840808114,0.0,13.09397220894607,28.036368202500338,23469.75523680167,15747.157152110627,12755.197293209609,6000.0,5999.999999999999,1.0011138509443607,1.0022045087120706,0.9996184441352008
2025-06-22,79597.09449388889,79139.29628321656,1238.7133983164822,1696.5116089888065,479.79293953607623,49071.70605655605,1364.3621504884434,467.3235449606712,1995.1761389948415,51963.92080107867,21758.349151333066,17624.262812579786,5999.999999999999,6000.000000000004,1.0110187452369686,1.0015823704982387,0.9944740076926301
2025-06-23,80851.72622839005,80380.6511758912,0.0,471.0750524988506,236.27321871270414,51063.76114695318,0.0,183.11118714865566,779.322479532372,51659.97243933689,22024.398931112744,17839.76313420132,6000.000000000004,6000.000000000004,0.9735434086418222,0.9859946291297708,0.9894829063530143
2025-06-24,91782.50113944444,90292.59558392281,0.0,1489.9055555216294,253.62149605727308,58426.41602504872,0.0,507.94888188102146,915.6648256839284,58834.13196885162,24759.593997059794,20055.271137618434,6000.000000000004,6000.000000000002,0.9991189886160534,1.0000367965960193,1.0036619806971832
2025-06-25,81931.77271387518,83150.42089489286,1295.2744171088125,76.62623609113223,356.7502147940179,50812.75144103877,1401.174961610878,31.764630395190842,1717.2494665820432,53899.411238836496,22758.842556035706,18434.66247038892,6000.000000000002,6000.0,0.996863542897687,0.9948472266369406,0.9945642470235687
2025-06-26,79125.16071973936,79198.73086620905,159.30243574046082,85.73228927078094,380.1593859113042,50005.94725656159,133.89067955101646,35.15823494341362,1671.0748124667384,51775.75451363593,21349.060061958222,17292.73865018616,6000.0,6000.000000000001,0.9808950761994032,0.9918723498577183,0.9933474673129393
2025-06-27,40222.4748325,38746.21144470005,0.0,1476.2633877999447,51.93881233620385,23500.93713563147,0.0,620.386930133847,147.8733594996718,23028.423564997294,15032.02965425446,12175.944019946115,6000.000000000001,5999.999999999998,0.9966924491594691,0.978920800897957,0.9795911175549032
2025-06-28,38814.79270847222,38771.02232089696,12.611075322714786,56.3814628979772,187.9629752538156,22494.108734838235,13.050571297711397,28.475284466079618,673.4694725386024,23152.15349420847,16076.633302392707,13022.072974938092,5999.999999999998,5999.999999999998,0.9814172746582336,0.9918831711286349,0.9869341753238258
2025-06-29,77594.28092451303,80278.63072604687,3038.2169849722263,353.8671834383801,934.2691381053148,47916.08392418982,3236.393562762016,132.19265881588933,3121.3244881726437,54141.60931630859,22274.466630930227,18042.317971053482,5999.999999999998,5999.999999999998,1.0021635511033464,1.0025622780207417,0.999716524022419
2025-06-30,83228.23149592537,82882.4003704685,0.0,345.8311254568715,648.658715087009,52249.09674032948,0.0,118.23005655857568,2550.1879679489293,54681.05465171983,23198.79069685791,18791.0204644549,5999.999999999998,6000.000000000004,0.9977070122932231,0.9978115060632329,0.9930993887604026
2025-07-01,73918.31769201474,83654.8592118965,9736.54151988176,0.0,4017.4350957209945,45602.98455863685,11270.44627366408,0.0,11481.139316378358,68354.57014867928,23571.591087698216,19092.988781035558,6000.000000000004,6000.000000000002,1.1,1.1,1.1
2025-07-02,71084.59231600136,75963.70703002869,4879.1147140273215,0.0,4024.73404105505,44231.19210891818,5352.735297551026,0.0,11410.499827726195,60994.42723419539,21336.86701637662,17282.862283265058,6000.000000000002,6000.0,1.1,1.1,1.1
2025-07-03,78892.05600221707,85533.36882725796,6641.312825040888,0.0,3899.8118769424873,48998.958793185695,8348.939318250012,0.0,11429.406263840283,68777.304375276,23461.604867181315,19004.101586254113,6000.0,5999.775951291946,1.1,1.1,1.1
2025-07-04,35253.432001111105,36749.93739893512,1496.5053978240148,0.0,5296.360001530011,19732.917672086664,2208.748719779299,0.0,17773.454919131156,39715.121310997114,15996.770437825411,12960.082569638587,5999.775951291946,5996.777601291948,1.1,1.1,1.1
2025-07-05,36697.01941194444,38123.6351529972,1426.6157410527555,0.0,5020.731859905902,20482.88304656603,2080.560205205757,0.0,17940.281852314223,40503.725104086014,16003.580443008947,12960.0,5996.777601291948,6000.000000000003,1.1,1.1,1.1
2025-07-06,75248.66902753772,86439.834568218,11191.165540680273,0.0,3284.1079348331687,47045.684510114406,12313.337856957658,0.0,9836.419329780036,69195.4416968521,23365.97223501871,18926.437510365155,6000.000000000003,6000.0,1.1,1.1,1.1
2025-07-07,77645.71707406206,79826.13957395454,2213.8164216679966,33.393921775529066,3113.158007413673,48082.494846069305,3142.115600191828,8.15634050687208,9394.970739218303,60611.424844972564,21551.407622748633,17456.640174426393,6000.0,6000.0,1.1,1.1,1.1
2025-07-08,97132.64348612483,91592.94236818481,0.0,5539.701117940019,136.22153738318605,62165.73839334984,0.0,1856.7881965774518,536.9406689733119,60845.89086574571,22923.732547706684,18567.780449130143,6000.0,6000.492127235859,0.9985744465670829,0.9982133818402978,0.9965485062351115
2025-07-09,97149.92044984225,90771.78283719486,0.0,6378.1376126473915,79.38351349129476,61695.780456649045,0.0,2276.5270197543864,377.82657690627553,59797.080013800936,22418.230991944285,18159.21001798714,6000.492127235859,6000.000000000002,0.9893422888826794,0.9947503055239114,0.9954776913720178
2025-07-10,91181.75266339506,87072.90361193332,0.0,4108.84905146174,474.79836663861374,58107.7843980331,0.0,1323.869526705615,1759.3007394233405,58543.21561075083,22961.105399830372,18598.495373862603,6000.000000000002,6000.0,0.9764340052469896,0.9906309532958116,0.9919996482532394
2025-07-11,54600.62452221536,51943.63875579879,0.0,2656.9857664165675,65.22376186166092,32783.02609806597,0.0,1087.2574889388072,197.3535299477682,31893.122139074934,14559.05594234459,11792.835313299116,6000.0,6000.000000000001,0.9973075172439296,0.9943882442750815,0.9896413889191337
2025-07-12,50108.881936805556,49945.63040989384,20.60712187443403,183.8586487861487,118.90027789328559,30191.49997143158,12.713563840432073,68.40450542663807,368.3146373745558,30504.12366721993,15789.966495108549,12789.872861037928,6000.000000000001,5999.999999999999,0.9942488400235174,1.0036886013560067,0.991640738934668
2025-07-13,95930.23526552887,84549.06839216714,0.0,11381.166873361724,149.10425653251713,62189.1465958792,0.0,4384.38866208188,612.4919150024842,58417.24984879981,22094.118643930513,17896.236101583716,5999.999999999999,6000.0,0.9773446984866097,0.9829404250168421,0.9885985201505543
2025-07-14,92036.24294763888,86722.38020227516,0.0,5313.862745363724,323.11445669872944,57893.84749446042,0.0,1631.161529884035,1384.7056577167805,57647.391622293166,21864.65599834495,17710.234644865603,6000.0,6000.151904215343,0.9825984120203656,0.9884649219689695,0.9960495667013185
2025-07-15,95028.19278873628,86865.2205099365,0.0,8162.972278799785,494.8588261077225,60116.53325761687,0.0,2748.356008507611,1922.2372476643045,59290.41449677357,21738.822464467085,17608.58291001215,6000.151904215343,6000.000000000002,0.9851136178553093,0.9891378492859288,0.9889606228368638
2025-07-16,91232.34468466259,87836.65077099446,0.0,3395.693913668135,183.54082494661506,58478.02943744322,0.0,1396.7737870544108,664.4973621700892,57745.753012558904,22065.07904488388,17872.71402635594,6000.000000000002,6000.000000000004,0.9924003207921763,0.9953846127552419,0.9997891415204752
2025-07-17,89199.3551046159,87707.15369398362,0.0,1492.201410632277,218.60477899244583,56720.58537278933,0.0,469.20953987294945,828.5324700830547,57079.908302999436,21955.32518070215,17783.813396368743,6000.000000000004,5999.999999999998,0.9990568807923185,0.9940630986971498,0.9935051789249123
2025-07-18,54983.19466791838,50681.47304461052,0.0,4301.721623307866,264.8109525964947,33123.134077703115,0.0,1678.302335680654,1187.691996376198,32632.523738398657,14163.366938027635,11472.327219802388,5999.999999999998,5999.999999999998,0.9757728658592231,0.9873546989648786,0.990216869338518
2025-07-19,53843.00762203084,50907.0717325808,0.0,2935.9358894500406,70.01874544954615,32998.63292790686,0.0,1220.7978200881394,155.8656337540523,31933.70074157277,14368.519992491243,11638.501193917904,5999.999999999998,6000.000000000002,0.9904557257849378,0.988642286103439,0.991416874478892
2025-07-20,94682.066671845,89668.86479761152,0.0,5013.20187423348,75.57877518661174,59936.34884462215,0.0,1603.6732557825503,317.0475728246048,58649.7231616642,22091.43343632307,17894.061083421682,6000.000000000002,6000.000000000003,0.9905252416015443,0.9906691445039223,0.9947911519055538
2025-07-21,96264.69552060275,92036.81200655104,0.0,4227.883514051696,52.979626286364464,61596.24552400084,0.0,1510.9731312168487,247.370083532795,60332.64247631679,22707.459047851968,18393.04182876009,6000.000000000003,6000.0,0.9849168721487912,0.9888424846457857,0.9825824951368666
2025-07-22,90959.41012357338,90800.70011518837,1203.3872259966295,1362.0972343816381,204.22651546581693,57994.68955171849,1022.2263710801435,578.0456303734695,888.9617823150354,59327.832074740196,23314.38491865424,18882.439654922837,6000.0,6002.457921318996,1.0036410119678005,1.000541498044587,0.9992356440094703
2025-07-23,101843.78998666667,89352.25225195846,0.0,12491.537734708201,513.8545021412265,65577.45471008889,0.0,4455.0341867299585,2337.3857920784967,63459.806315437425,22844.964231711187,18506.63315687316,6002.457921318996,6000.0,0.9855521510571632,0.996000245526786,0.992327606395847
2025-07-24,100298.8721663443,91793.20239495681,0.0,8505.669771387498,25.58046413472016,64649.09191976774,0.0,3125.1287207296864,66.39532507800688,61590.35852411607,23242.99013283374,18823.751932649662,6000.0,6003.411194384073,1.0022525768443724,1.0019764054332227,1.0004820716107368
2025-07-25,49218.923031666665,47649.58944114708,0.0,1569.333590519583,38.275540537221346,29676.94245881772,0.0,688.6247351715513,177.03602272204677,29165.35374636822,15877.249774061698,12863.642391935637,6003.411194384073,6000.000000000002,0.9989353634676144,0.9869614503565838,0.983734401468536
2025-07-26,51930.71147578875,50891.179474456774,0.0,1039.5320013319736,55.75009332293655,30822.42047883931,0.0,413.91535633297923,159.55581107604067,30568.060933582372,14073.8481480003,11399.816999880244,6000.000000000002,6000.000000000002,0.9893670062058304,0.9825006364368316,0.987436912564307
2025-07-27,92062.52598388889,90154.27297345448,0.0,1908.2530104344105,173.74351764910853,58374.680324961,0.0,570.6579239731624,544.8380509587229,58348.86045194656,23046.835645442392,18667.93687280834,6000.000000000002,6000.0,1.0165831108192107,1.0009359852069786,0.9962698755306366
2025-07-28,94390.83080175886,92705.58393714261,0.0,1685.2468646162388,160.964038227647,59998.861583954975,0.0,584.2727265568604,642.2341769483949,60056.82303434651,22881.313251227675,18533.863733494418,6000.0,6000.0,0.9908966431019731,0.9941619910985807,0.9983620029906103
2025-07-29,92214.55215404664,92256.16416925084,357.5535095522019,315.94149434800784,150.24265625167686,58450.24121689288,441.5438293115124,121.59245888156111,684.6510007117126,59454.84358803454,22428.693892494746,18167.242052920745,6000.0,6000.000000000004,0.9850994280271874,0.9897618085201865,0.9918118132009233
2025-07-30,84525.99740699073,88032.62065243963,3570.133840185666,63.51059473677333,262.41252346211877,53548.30025359436,3591.300147905404,28.854485491889484,891.0971837583306,58001.84309976621,22184.724139608315,17969.626553082733,6000.000000000004,6000.0,1.0005198559647372,0.9920331585602906,0.9961741939156638
2025-07-31,86588.28113667222,86536.6075092806,3.2072308845541784,54.880858276170216,628.448152988867,54427.7842873063,1.9787010942257004,13.944633502640276,2757.6711341597465,57173.48948905763,22465.963213566367,18197.43020298876,6000.0,6000.000000000003,0.9772797909241671,0.9803690836427758,0.9864750889256242
2025-08-01,45732.88287361111,45112.96734704414,2.701698368343955,622.6172249353103,216.7946540278255,27372.552599235303,3.781837376007868,288.45531532273145,580.116497690041,27667.99561897862,15857.503292149264,12844.577666640904,6000.000000000003,6000.0,1.0131192238934819,1.0025227659658729,1.0117355459936361
2025-08-02,47584.905584909306,45948.76482842098,0.0,1636.1407564883252,280.75608428750246,28356.143341810654,0.0,635.6375673305174,1278.1887397250389,28998.694514205177,14293.607826964553,11577.822339841287,6000.0,6000.0,0.9718931816183373,0.9829306429031957,0.9833529111482384
2025-08-03,74540.53577331104,72307.09162969606,0.0,2233.4441436149764,500.05850244116425,47030.73788894177,0.0,522.729578309926,2110.2614092793046,48618.26971991114,19325.87155333347,15653.264951006962,6000.0,6000.767785770163,0.9829930429010394,0.9928506905272709,0.9950405305630442
2025-08-04,78498.79786610081,75823.6951053077,63.0689936301286,2738.1717544232383,665.3500038854984,49961.450054377136,47.135952282510445,1004.802386981698,2514.641262211446,51518.42488188939,19609.405676171176,15884.309604891796,6000.767785770163,6000.0,0.9867182631297567,0.9955467869141151,1.0026338527669096
2025-08-05,76113.60933192386,75806.6813588626,182.70902330209634,489.63699636335434,651.6470784819946,48287.84738465848,125.64627004512994,191.0231476086501,2713.863161250488,50936.333668345454,20255.855934266852,16407.24330675615,6000.0,6000.0,0.9849415531140306,0.9860094954842639,0.9849730162123483
2025-08-06,83897.80425749828,80438.56868252133,0.0,3459.2355749769467,480.59707691155216,53901.36138410541,0.0,1335.6392232090332,1594.3959404272146,54160.11810132359,21585.405365231345,17484.17834583739,6000.0,6000.000000000002,0.982233167434476,0.9846461483684763,0.9841508400075664
2025-08-07,83660.24157617112,75671.83979355833,592.2277406594363,8580.629523272217,517.2847693614094,52228.33469316903,819.0530484718621,2270.238708920797,1248.102287568664,52025.25132028876,20668.94851582578,16741.848297818884,6000.000000000002,5999.999999999999,0.9953616154098144,1.003182849880992,0.9954807512433432
2025-08-08,43245.24008791667,43083.14444355108,0.0,162.0956443655875,248.9368434551919,25357.22637871418,0.0,69.04576876939537,823.8018833583828,26111.982493303163,15669.499204643083,12692.294355760898,5999.999999999999,6000.000000000001,0.9483046715151298,0.9760202504110309,0.9754259722853097
2025-08-09,42346.60689930555,42346.60689930555,0.0,0.0,519.857466917078,25004.346793110126,0.0,0.0,1642.1655197091823,26646.512312819308,15986.389362008516,12948.975383226896,6000.000000000001,6000.000000000001,0.9835108629980985,0.9845251809393526,0.9824755907748721
2025-08-10,78776.14705463305,76530.65923547928,0.0,2245.4878191537764,320.5051768943206,50341.08183963959,0.0,745.4779358289821,1056.342807221225,50651.94671103184,20068.197329905714,16256.474795591408,6000.000000000001,5998.627824035797,0.9838511093324287,0.9891121519798158,0.9919333294363483
2025-08-11,77567.71764280349,77811.65963296645,861.7035277500805,617.7615375871303,584.151949561933,48375.164031484725,976.3434688550358,172.88991587821894,2414.085018019266,51592.7026024808,21215.30503627022,17183.162121011097,5998.627824035797,5999.999999999999,0.9918603645791708,0.991212384758004,0.9830075015155388
2025-08-12,81465.41485944444,79820.98787435838,452.608967677641,2097.035952763693,661.4200484632552,50702.25805635355,608.4229422890778,549.0312301488276,2733.1861794207507,53494.83594791455,21099.567261405406,17090.649481738383,5999.999999999999,6000.0,0.9966295778130742,1.001241613873984,1.0022539387596026
2025-08-13,75395.27103277777,76127.00290382415,755.4153751556303,23.683504109253363,685.5862763480671,46934.256710081056,873.6690724350381,5.223396831295829,2716.7304159555547,50519.43280164036,19982.53525255799,16185.853554571971,6000.0,6000.0,1.0006738715174148,1.0038651935123886,1.002153531464021
2025-08-14,77067.75983591392,77955.86544401814,1178.76333287099,290.6577247667764,521.9666099868404,48818.37867320112,960.6280316495817,135.88790525471413,2279.6961188185974,51922.81491841459,21523.66781445483,17434.170929708413,6000.0,5999.999999999999,0.9871665162193604,0.9878849898039939,0.9929465161080846
2025-08-15,43098.448978472225,42156.89513159864,0.0,941.5538468735815,653.0008244343638,25684.679941513958,0.0,419.7853077931777,1868.0300048231202,27132.924638543904,16013.04096498236,12971.531465334305,5999.999999999999,5998.924129223784,1.0119163669669118,0.9925794359917592,0.9897905663707769
2025-08-16,44669.82103972222,42093.67865207541,0.9577060301363645,2577.1000936769447,553.5238136850372,27118.277426478417,0.6091010351667278,1078.1335946765976,2280.3278923059756,28321.080825142963,16049.671895196423,12999.265951410503,5998.924129223784,6000.000000000001,1.0115873506968074,1.0048618733636006,0.9995815490338512
2025-08-17,79870.43091932785,75853.23951835063,207.61535998370596,4224.806760960921,510.51603886495934,49667.31833518871,292.99829116612165,1042.1715256896798,2336.361713711298,51254.50681437645,20880.370125339217,16913.099801524764,6000.000000000001,6000.000000000002,0.9943113096060436,0.9884661993339212,0.9900578890890804
2025-08-18,77097.88843362653,76402.66923783152,0.0,695.2191957950154,649.0432449487472,48997.14689104611,0.0,244.86534863631164,2448.1509433463034,51200.4324857561,21231.724508397056,17197.696851801615,6000.000000000002,5999.999999999998,1.0054296598177486,0.9937695879122982,0.9973702671651545
2025-08-19,77183.39020340878,77140.25887275113,0.0,43.13133065765538,554.5068654143761,48889.811592294776,0.0,10.318811096621586,2115.99236314343,50995.48514434158,20349.742668011495,16483.291561089307,5999.999999999998,6000.0,1.0013833325401287,0.995134408684886,0.988906156867829
2025-08-20,84207.54380224118,80546.93242021666,290.55865621230026,3951.170038236819,838.5293744048307,52600.40469583398,351.3187923718447,1174.104505642454,3705.7026880269514,55483.32167059032,22015.534665965963,17832.58307943243,6000.0,5999.999999999999,0.9850400119356628,0.9784086233302953,0.9852029197699466
2025-08-21,80502.32270801098,77947.78156574616,1.560916989065106,2556.102059253881,577.5590227087097,50584.59735237649,1.8859779520379145,711.0993936695041,2020.649499281216,51896.03343594024,21909.810057917104,17746.946146912855,5999.999999999999,6000.000000000001,1.0032423380352373,0.9943491216266146,0.9917639994735805
2025-08-22,43190.87319875,43264.01564563987,73.1424468898706,0.0,653.0600605513429,25639.049711411735,134.68473695903722,0.0,2321.9322535345277,28095.6667019053,16007.830812351385,12966.342958004625,6000.000000000001,6000.000000000002,1.0050807827191184,1.0084360257966367,1.004148454783246
2025-08-23,42281.6546025,42747.73343934396,466.0788368439638,0.0,306.13817734862187,24580.31738374361,648.5461412990977,0.0,1100.1206395119143,26328.984164554626,15485.885021536986,12543.566867444959,6000.000000000002,6000.0,0.9911419682402076,0.9924951285233045,0.9941865300313638
2025-08-24,76073.22952587277,75801.18732375395,62.79951726120447,334.8417193800207,441.20533390671045,48907.10812842764,76.16859924112731,102.41466619705885,1679.8318902622066,50560.69395173391,22012.808181058543,17830.374626657424,6000.0,6000.0,0.9942187957413711,1.0054225974508482,0.9991067799841871
2025-08-25,96766.0632671399,82614.01965097956,0.0,14152.04361616035,358.8770567594458,61754.052924397045,0.0,4776.185861963466,1209.5754602000786,58187.44252263366,22340.28744828297,18093.93875324552,6000.0,6001.882310959655,0.9805590918348911,0.9924701085271236,0.9901924135313608
2025-08-26,76975.08179228223,76069.17197174595,0.0,905.9098205362764,176.74701449445644,49376.40148186579,0.0,292.68414910309326,719.8043832577578,49803.521716020456,20627.222061399392,16709.7439495972,6001.882310959655,5999.999999999998,0.9722817185131915,0.9851349988143583,0.9972646841178074
2025-08-27,77345.86741035836,79563.98951024331,2218.1220998849512,0.0,225.33295366294897,49499.41947140919,2225.8172054178012,0.0,988.1954264284194,52713.43210325541,20848.88407382911,16885.777650241955,5999.999999999998,6002.020499510694,0.9857699285091723,0.9961469911424146,0.9906050409715914
2025-08-28,76312.82466399005,79094.36110669133,2781.5364427012723,0.0,1368.224755481297,47755.73043841487,3145.506149370805,0.0,5606.452557281137,56507.68914506681,21349.40056317992,17294.832905735366,6002.020499510694,6000.0,0.9807321873711627,0.9951882469432376,0.9986080098098378
2025-08-29,45549.00543139722,44988.34343939728,0.0,560.6619919999395,276.81037419019754,27365.78589971496,0.0,231.55424217451608,1230.4309339821305,28364.662591522574,15662.339660979766,12686.495125393612,6000.0,6000.000000000001,0.9548212776856747,0.9742263970180806,0.9742992753748299
2025-08-30,44021.76474074931,43319.53887916344,0.0,702.2258615858715,334.98690172380924,26233.542649459614,0.0,255.39894503529402,1156.2233524448175,27134.367056869138,15948.458706754629,12918.251552471247,6000.000000000001,6000.000000000002,0.9956045162218738,0.9834094393705738,0.9892727049934399
2025-08-31,76678.72166947188,76634.52513076694,11.033947755050576,55.23048645998381,1085.0189373727414,48943.873383628226,6.8073940674784525,12.338641590926256,4192.502271553068,53130.844407657845,20845.98981444747,16885.251749702446,6000.000000000002,6000.000000000005,0.9760594249624187,0.9836173288490226,0.9895442254897002
2025-09-01,84271.63154233196,71764.7612095488,0.0,12506.87033278316,28.144666372081474,52860.50880967012,0.0,3846.4112202952724,164.40706861251394,49178.50465798736,18838.243728949485,15258.977420449082,6000.000000000005,6000.0,0.9,0.9293692927877889,0.9181632048301649
2025-09-02,75588.58891772463,71307.72706795148,0.0,4280.861849773142,355.06126878654163,47527.075388431724,0.0,1383.8800287028841,1669.7865276361613,47812.981887365,20161.594643115997,16330.891660923957,6000.0,6000.0,0.9,0.9342460085143803,0.9190185191795978
2025-09-03,79427.43050889086,71338.44512377829,0.0,8088.985385112562,428.54527191121485,50023.298689525596,0.0,2308.9797099608936,1919.9644309868852,49634.28341055159,18625.529504908285,15086.67889897571,6000.0,6000.0,0.9,0.9362251069770051,0.922874517944341
2025-09-04,78175.77689770234,69983.60406920317,0.0,8192.17282849917,769.8768128890845,50108.64363598061,0.0,2632.0864821202777,2913.526860013185,50390.084013873515,19518.715838148782,15810.159828900514,6000.0,6000.0,0.9,0.9287352830613155,0.9149155876093508
2025-09-05,42680.76577958333,40184.82637072467,0.0,2495.9394088586537,82.12269377875037,25502.058636733844,0.0,1179.7881551877695,188.8234611938229,24511.0939427399,15855.425883873328,12842.894965937394,6000.0,6000.000000000001,0.9,0.9,0.9
2025-09-06,43249.89998444444,41208.487382211664,0.0,2041.4126022327748,12.664420368683409,25728.697158527666,0.0,947.768956410781,51.4252601371492,24832.353462254032,15873.789694548555,12857.769652584333,6000.000000000001,6000.0,0.9,0.9,0.9
2025-09-07,74912.71675686042,71793.69748613841,0.0,3119.0192707220194,410.6418829865491,47623.52943934893,0.0,1087.2614555546936,2022.1764465172478,48558.44443031148,20281.253767734444,16427.8155518649,6000.0,6000.000000000002,0.9,0.939461643848838,0.9229284644132717
2025-09-08,69900.1899433419,70792.55522298532,1429.1767716403563,536.8114919969361,617.4737584750856,42632.439085566046,1479.5434416659812,133.2681417167423,2458.659849867704,46437.374235382995,22321.16865699711,18080.14661216766,6000.000000000002,6000.0,1.0033915680324401,0.997405053060409,1.0019760957977328
2025-09-09,61169.61632694444,62040.14932066646,1187.9980007413537,317.4650070193324,841.9902149591833,38110.511772641716,1273.3766683642853,70.59061331411375,3640.2818010269825,42953.57962871887,20548.18296666637,16644.028202999765,6000.0,6000.0,0.9940017954304605,0.9943032906209456,0.99615173669538
2025-09-10,71509.46986140603,71339.95524731027,634.7982836854937,804.3128977812617,638.1672210160355,43780.63881541043,723.6220248860063,188.00562225992613,2513.2162778772827,46829.47149591379,22104.502299533164,17904.646862621863,6000.0,6000.000000000002,0.9978856640946832,1.0036459896052026,1.0030922676003302
2025-09-11,71357.14665403291,64157.68401436091,59.51043690062468,7258.973076572634,519.4982553675746,44047.50586883201,61.584375626611454,1951.2102048165648,2030.0276975488534,44187.907737190915,21395.780637343174,17330.582316247972,6000.000000000002,6000.000000000003,1.0060534599698054,1.0009010757711296,0.9990167865470045
2025-09-12,33864.42821208333,34030.945143445184,166.51693136185213,0.0,506.91129432215837,18842.543591208247,279.59265197923406,0.0,1729.0391132969276,20851.175356484408,16005.226076858658,12964.233122255515,6000.000000000003,6000.000000000003,1.0193669048878784,1.0113472073094798,1.014560264140866
2025-09-13,33972.10514583333,33981.40549307124,9.300347237901299,0.0,547.1396882664123,18789.342079895447,9.62446433914216,0.0,2091.4651479308354,20890.431692165424,16057.780258312583,13006.802009233195,6000.000000000003,6000.000000000002,0.9920126942372128,0.9900069331822097,0.993265565605809
2025-09-14,75021.9632639026,72466.96734230255,3.0237822176073905,2558.0197038176475,660.3548520870768,46751.24543124227,1.9394539143733802,883.39901744043,2185.0322229683893,48054.8180906846,21679.075482673976,17560.05114096592,6000.000000000002,6000.000000000002,0.995426799661162,0.9937262173400361,1.001058949661084
2025-09-15,62349.467682143346,62806.592846292195,457.12516414885044,0.0,804.5702971039948,39114.01429244491,391.0063300673865,0.0,3079.837220136049,42584.857842648344,21549.241454334086,17454.885578010606,6000.000000000002,6000.000000000002,0.9945337990579783,1.0047243444630185,0.9954226426277711
2025-09-16,75732.10850771819,71468.98315204465,94.31780717495678,4357.44316284849,706.4553612435827,46718.306399214904,128.43990476129645,1403.0947984549107,2631.684609215945,48075.336114737234,21931.29694368053,17764.35052438123,6000.000000000002,6000.000000000002,1.0160152973486278,1.0098533584617762,1.0057096108240557
2025-09-17,71924.14341683812,69530.9747568714,201.020761502421,2594.1894214691547,403.84459205910264,45080.88126699344,249.35541731108236,960.9460582954351,1268.1239366601344,45637.414562669226,21535.145499616425,17443.46785468931,6000.000000000002,6000.0,0.9927504482447033,0.9952470415641831,0.9954703611552462
2025-09-18,64256.71730126886,68902.05505312703,4645.337751858174,0.0,581.4078401857581,40184.40712535092,3796.5654911201796,0.0,2505.8755265296822,46486.84814300078,21576.83207102991,17477.233977534223,6000.0,6000.0,0.9964254768678737,0.9985061014853057,0.9983007026188293
2025-09-19,34589.47287222222,34610.56037579819,141.24618533474364,120.15868175877418,463.0983357502243,19338.502181966665,151.9327903028025,50.63543103017865,1330.2705650035302,20770.07010624282,16019.486517062876,12975.78407882093,6000.0,6000.000000000002,1.0011172022138182,1.0018485832681316,0.9996826083386594
2025-09-20,34554.47779875,34477.62771143509,180.92807842480454,257.77816573971256,719.6711642376779,19280.208355410025,249.06810173274428,110.30325034189465,2735.716373461758,22154.68958026263,16006.466831995991,12965.23813391675,6000.000000000002,6000.000000000001,1.0070877554594697,1.011720964355041,1.0095960188361235
2025-09-21,72301.69530181756,70105.1842142533,11.253891268402867,2207.7649788326553,432.17336390102366,44678.1294785747,15.23326722091012,620.089292265905,1858.6851714432971,45931.958624973005,20592.187687034937,16679.672026498298,6000.000000000001,6000.0,1.0032361245799488,1.0023867159587265,0.9987874887436646
2025-09-22,76025.25651025565,69705.53772707224,3.913062665787038,6323.631845849201,612.2260548578693,47491.3692875717,5.849788188171787,2013.5135253373717,2033.2211106418752,47516.926661064375,21539.34958360539,17446.873162720367,6000.0,6000.000000000001,1.009308627669585,0.9984808403566213,1.0039719872657331
2025-09-23,74812.31933788065,72572.1114343596,0.0,2240.2079035210554,353.46921126106577,46615.26739574142,0.0,663.840169146728,1574.771201405031,47526.19842799973,21890.993978212435,17733.229255674843,6000.000000000001,5998.306518530251,0.9774031403647518,0.9923565468849935,0.9952789849927172
2025-09-24,64669.13240168552,68462.67024467004,3793.5378429845077,0.0,831.9475485717711,40640.60662026609,3120.354498179953,0.0,2530.4754246684347,46291.43654311447,21393.159689593154,17326.935215247686,5998.306518530251,6000.0,1.009967062315694,1.0086512536798025,1.0045712801673596
2025-09-25,71668.3195973611,71970.57389150781,703.6832980392104,401.4290038925022,820.1945980244777,44785.6685338623,786.9893438195247,104.63079576587118,3040.160687366524,48508.18776928247,21520.332094862973,17431.468996839012,6000.0,6000.0,1.003622906300309,0.9986802384419045,0.9990047788533593
2025-09-26,35881.505769861105,35003.728863479264,0.0,877.7769063818475,285.96625825136493,20088.0751419909,0.0,357.8349371696515,1006.024791437925,20736.26499625917,16004.232063797466,12963.427971675948,6000.0,6000.0,0.9757928912697995,0.9890120609674146,0.9838500375598037
2025-09-27,34669.15911763889,34994.280168325815,325.12105068692745,0.0,1015.7406761415956,19192.679202135234,411.68685980461424,0.0,3897.3858498901277,23501.751911829975,16000.166968697326,12960.135244644833,6000.0,6000.000000000001,1.0097807743944698,1.0088272022827267,1.003490354556457
2025-09-28,71238.7841412277,73333.1869516246,2094.4028103968844,0.0,795.8890308807662,44448.021403457285,1933.576853756265,0.0,2780.3712804975708,49161.96953771112,21354.95730301422,17297.515415441514,6000.000000000001,6000.0,0.9986809677772687,1.0024734393719064,0.9985368064811356
2025-09-29,75308.84771915809,71506.35379791984,0.0,3802.4939212382474,1063.1716503067623,47222.71166704243,0.0,1177.528345843373,4244.826370029465,50290.00969122852,21588.91373326352,17487.020123943446,6000.0,6000.000000000002,0.9978811154453093,0.9987407634025779,0.9995604257198999
2025-09-30,74350.98630751028,75478.66850281869,1244.7604393244792,117.07824401606842,490.0359800591488,47219.933393675565,1549.8190068700087,38.4377325795639,1569.2165609222322,50300.53122888824,22755.084833487817,18431.618715125132,6000.000000000002,6000.0,1.015127667392056,1.006738496164989,1.0005305304461385
2025-10-01,71682.94500103052,66410.64714367082,0.0,5272.2978573596965,79.49834666666641,44162.54206628294,0.0,1353.786011605169,205.46768154333245,43014.22373622111,21505.237888517804,17419.24268969942,6000.0,6000.0,0.9828700993343783,0.9855243191518546,0.9850463352888131
2025-10-02,77184.22859291495,68140.71282123406,0.0,9043.515771680892,165.92326644527395,48383.33541608951,0.0,2880.9613893210326,426.77640054136987,45929.15042730985,21351.058007232485,17289.29119456927,6000.0,6005.628656987833,0.9989632311395483,1.0009190943798552,0.9938123574212837
2025-10-03,33636.551263472225,33744.5267188609,107.97545538867749,0.0,245.04732286811475,18257.20119756382,144.14059453476276,0.0,832.1132753055197,19233.455067404102,16007.577858214436,12966.371548534999,6005.628656987833,6005.369231008604,0.9963637658700706,0.9982153281095794,0.9927610475754051
2025-10-04,38167.78008056584,37665.78713387703,0.0,501.9929466888158,346.2287054404893,21039.6150623447,0.0,127.82307832549886,1378.7407139755896,22290.53269799479,15836.174155036142,12832.133373487019,6005.369231008604,6000.0,0.9858198198102295,0.9932627876005908,0.9775666809408465
2025-10-05,76266.90365257887,68156.10623602108,51.79204179324688,8162.589458351046,138.5482810663841,47255.74881988267,71.59733762768035,2360.810803024482,323.5126201896965,45290.04797467557,21562.021567264397,17461.479259891777,6000.0,6004.175788435982,1.0052881769400235,1.0009790146839668,0.9934264764826973
2025-10-06,66707.58702839506,67136.72844779401,429.14141939895285,0.0,798.6643305736682,41993.842631806736,297.6607700726645,0.0,2655.3325191523227,44946.83592103173,21466.83306123578,17391.892989193366,6004.175788435982,6000.000000000001,0.989436713872624,0.9975897922284286,0.9890038517974009
2025-10-07,71311.46199743141,70548.96672273775,756.6099137119811,1519.105188405647,184.22277079477925,44074.953472888905,862.5341741188287,384.51544614366014,658.6307902180034,45211.60299108208,21513.794964646273,17426.173921363483,6000.000000000001,5999.999999999999,0.9878983280576304,0.9937618933348491,0.9876930916571697
2025-10-08,66257.81710683298,64669.46304300451,17.10772402282339,1605.4617878513009,497.629494763193,39802.59450268623,23.278645990244698,399.2698728315908,2273.1641475907572,41699.767423435645,21334.955697272795,17283.008257009446,5999.999999999999,5998.117619757246,1.001086095470459,1.005103289666866,1.001039526479978
2025-10-09,74864.65200491769,64102.59592723652,0.0,10762.056077681174,374.38907772532787,45689.346091335596,0.0,3225.703408906764,1792.6307159581563,44256.27339838699,21427.66251545164,17355.390598243248,5998.117619757246,5999.246552282335,0.9949490177733343,0.9998456525177278,0.999891863165332
2025-10-10,32824.80547888203,32594.91788068824,72.2531044343354,302.1407026281281,608.24335056669,17053.431941581457,116.42142717504463,123.44476005761615,2211.6086709393508,19258.017279638236,16155.739700214817,13085.471054228101,5999.246552282335,6000.0,1.0159100196660344,1.0111257969260752,1.0105995862055153
2025-10-11,33855.333526460905,33840.96796358091,0.0,14.365562879997142,298.66651176084014,17419.055157734765,0.0,5.874621290735332,1502.5476823665965,18915.728218810626,16861.59282790933,13657.890190606557,6000.0,6000.0,0.9888809611572638,0.9888609199138185,0.9909680021733703
2025-10-12,68802.31960724965,66241.24816136135,10.831557331226009,2571.903003219524,1090.5018424254474,41476.84566282488,13.873951185909474,807.2377699279871,4862.252707906983,45545.734551989786,21180.233029758172,17156.994020028982,6000.0,5998.883037861266,0.9791988678203638,0.994568605568241,0.9973560279201631
2025-10-13,70700.58694789282,65164.136154412765,295.0092110127337,5831.460004492785,573.0028410250322,42951.56606199965,349.4913223968126,1612.6397876172764,2211.494397880189,43899.91199465937,21401.40255138279,17336.836634435644,5998.883037861266,5996.993518066179,0.9958770927094402,0.9998441852718764,0.998838351080811
2025-10-14,72674.31089531408,67953.01264902999,167.78650120367814,4889.084747487761,1071.816750107798,44367.040317686915,205.24095750711672,1288.4318589668364,3733.9223892778245,47017.77180550502,21611.889856993064,17503.275373095254,5996.993518066179,5999.610641476324,1.002431757607317,1.0060192787639295,1.0039283638562115
2025-10-15,75606.52110403572,70894.53919882691,0.0,4711.981905208818,355.40272755098886,46499.200003610546,0.0,1516.8596291912015,1148.8098579584564,46131.1502323778,21919.945233419858,17755.77875583333,5999.610641476324,5998.918289517172,1.0058087462480632,0.9985140092936344,0.999289039891706
2025-10-16,71937.83316187929,72240.61014994072,735.2836343456418,432.50664628420236,347.13464271206084,44372.574541690556,902.1451982544872,147.37992904024097,1247.6271951307226,46374.96700603553,22697.657564148365,18384.559427709803,5998.918289517172,5999.5218442398045,1.0114638501609385,1.004528347051116,1.0036706319021211
2025-10-17,32216.305651646086,33086.83074307558,870.5250914294933,0.0,356.23712944064863,16512.177916245746,1022.4427338776253,0.0,1562.8189138337661,19097.439563957138,16278.960513601865,13185.527675833335,5999.5218442398045,6000.0,0.9898898506714044,0.9960426768536738,0.990516404118163
2025-10-18,34305.04164492455,33611.35276880297,0.0,693.6888761215757,419.37430939304767,18359.89931273293,0.0,272.82160700404404,1256.9547171710929,19344.03242289998,16418.09552082878,13300.481342961217,6000.0,5997.9733654556685,1.009491183688579,0.9986937604452815,1.00080945303883
2025-10-19,73880.3175966598,72161.64885085603,0.0,1718.6687458037734,520.1703968152701,45675.36145754094,0.0,546.426406368278,2006.5827092300174,47135.517760402676,22374.25288096574,18121.320862492357,5997.9733654556685,6000.0,1.0147303311015534,1.0034181943603415,1.0036485971292886
2025-10-20,77427.83244878374,74582.33825685579,0.0,2845.494191927957,324.60482299919414,48417.29953558644,0.0,1003.4900212332874,1103.9310046604462,48517.7405190136,22131.527628739557,17927.13964981479,6000.0,5999.330810515834,0.9967872196361052,0.9975069395491402,1.000279108674706
2025-10-21,76729.98235034979,75900.27920289522,0.0,829.7031474545721,294.39244043191695,47343.656319959664,0.0,310.2334969983019,1124.2772049781631,48157.70002793953,23295.526592640173,18869.239704471194,5999.330810515834,5999.482850035109,1.0001035575848718,0.9963452022635253,0.9996090401399063
2025-10-22,73933.18598404663,73911.17533892437,33.53258043267164,55.54322555494673,388.87420336016686,45749.05424351293,30.971558829944552,18.48614450378834,1741.8363758632759,47503.37603370236,22674.37881329043,18365.781403796842,5999.482850035109,6000.000000000002,0.9945944568524475,1.0022833550718562,1.0011237858861086
2025-10-23,84008.24936233195,71522.0409810014,175.84037606966996,12662.048757400235,700.8999823709423,52211.53614826325,215.82231076142543,4079.3145263630045,2749.5291596378906,51097.57309229956,22173.26657271797,17960.345923901557,6000.000000000002,6000.0,0.9904300887173196,0.9894816448802384,0.9958802304386551
2025-10-24,34266.33226768861,34418.67845305162,152.34618536301284,0.0,553.5729967739542,17861.202271167203,192.0957247757617,0.0,2418.8113984637284,20472.109394406692,17257.89651090736,13979.020423335467,6000.0,5999.8619449994385,1.0066095185370918,1.000957915264099,1.001879765186401
2025-10-25,34576.33365016289,34391.53173301133,70.14369770955051,254.9456148611082,652.6742497653695,17925.126954342035,100.88421853394745,52.4295656961869,2614.987449383441,20588.569056563236,16969.520042761884,13745.186985136617,5999.8619449994385,5999.999999999998,0.995170320533085,1.0024735081417755,1.0018288371162491
2025-10-26,77891.09317638545,73120.90145934655,221.03979764040213,4991.2315146793035,448.72080804626887,48413.58669355895,246.72893134501436,1735.6045501329506,1601.5354246377283,48526.24649940875,22696.40520194417,18384.088213574778,5999.999999999998,6000.000000000002,0.9990963545002128,0.9990174759642303,0.998355655592788
2025-10-27,71753.93292674726,74093.02329322691,2339.090366479649,0.0,223.86035234266228,44534.2123314652,2247.0972415809965,0.0,751.6306672898277,47532.94024033602,22906.33600821553,18554.132166654574,6000.000000000002,6000.000000000001,1.003523440773137,1.0022583698919445,1.000593934259445
2025-10-28,71920.2811742061,73670.19682374853,1774.4412192990233,24.525569756588993,410.9074534762136,44598.77520844611,1837.111847337711,8.460095287535372,1510.882651506745,47938.30961200304,21870.520174165882,17715.121341074362,6000.000000000001,6000.0,0.9980345385178931,0.9950803266244407,0.9980787441193115
2025-10-29,79198.77595687777,78919.38603473979,15.434018346853122,294.82394048483724,321.31297418087615,49218.24275259868,19.148214862023327,100.80257393840981,1142.989765394779,50279.578158917066,23863.617342279184,19329.530047246142,6000.0,6000.0,0.993526647618208,0.9972522434648465,1.0007875100850032
2025-10-30,71014.38792768175,72318.81861047843,1481.7832232448916,177.35254044820934,711.145417173066,43975.44558945156,1603.7579640126037,51.38262109351303,2840.745837848999,48368.56677021965,22545.311821286203,18260.13346227967,6000.0,6001.743458846832,0.9912688052912475,0.9957213775481846,0.9958906067182237
2025-10-31,37124.19145816872,36409.741234598056,0.0,714.4502235706696,206.4343618715497,20008.501481207222,0.0,264.04664095878724,775.6229594013779,20520.077799649815,17878.42802905587,14480.827464721255,6001.743458846832,6002.520390862391,0.9990748432715169,0.9994487037268333,0.9972383193129909
2025-11-01,35835.17181167352,35833.005085170946,70.5484077868478,72.71513428942717,349.3543152102746,19044.297913101687,110.36636856920073,27.18662889622921,997.410200462312,20124.88785323697,17681.047518548527,14323.916841800448,6002.520390862391,6000.000000000002,1.0067518564864726,1.0081001847913407,1.0046552067478154
2025-11-02,77098.42561562026,78354.21061126397,1936.2648186997749,680.4798230560687,453.5000556028992,48116.0107521761,1963.2377687116063,252.59158818096097,1846.148791144407,51672.805723851154,23652.382537644553,19158.42985549209,6000.000000000002,6000.000000000003,1.0051883670888366,1.0045179409223515,1.0014345396164308
2025-11-03,82510.60525732509,79970.7459539525,2.2471389836230173,2542.1064423562157,273.8995811758008,51366.95777512797,3.1576796997870638,848.2575882124563,829.594059976769,51351.451926592075,23014.544462844144,18641.781014903758,6000.000000000003,6000.000000000004,1.0092342101918286,1.0007628492052119,1.0021712237352263
2025-11-04,76093.27545242799,76198.42104554761,105.28396974552896,0.1383766258968535,450.4758236580766,47311.103187449626,93.45916936043301,0.04773301710311961,1918.0686353342755,49322.58325912723,22965.512099690677,18601.387791899055,6000.000000000004,6000.752232055993,0.9974016753111568,0.9958362376564597,0.9957321462378982
2025-11-05,84494.44953915637,80263.13087758575,2.268895607974059,4233.587557178607,341.14368098832614,52997.92567450276,3.188252108325148,1420.4418382875112,940.9064600624981,52521.578548386075,23220.128238877187,18808.980882340915,6000.752232055993,5999.999999999999,1.0102144065461245,1.0059769135000904,1.0025663007785448
2025-11-06,78588.47235944444,80091.18209647645,1507.7252440105729,5.015506978567959,532.0680057979188,48876.54066047972,1955.0153212322352,2.0761691137782066,2005.553397352336,52835.0332099505,23051.4735073756,18671.693540974233,5999.999999999999,6000.000000000002,1.0124222412649349,1.0106404869071453,1.0062978960372297
2025-11-07,36544.683498847735,36783.7712056361,239.08770678836805,0.0,407.9058312101393,19117.214805237872,323.03604191172286,0.0,1493.1734340921182,20933.424281241714,18928.72268381756,15332.265373892222,6000.000000000002,6000.0,1.004428285744469,1.007218434132498,1.0088167525094316
2025-11-08,37968.29116186043,37697.36585170161,0.0,270.9253101588209,210.8794807498959,19801.47900388692,0.0,55.715790034161515,838.0673586895912,20583.83057254235,17717.228446933153,14350.955042015854,6000.0,6000.000000000005,0.9902656036847624,0.9968803976849786,1.0004060358111144
2025-11-09,81715.14243944458,81147.59684358105,3.640111587808292,571.1857074513323,207.63959650816446,51215.58307287824,4.516104441414358,187.7376352556981,672.3214035994561,51704.68294566341,23563.332078167525,19086.2989833157,6000.000000000005,6000.000000000001,0.9931905851121646,0.9962101231491373,1.001102033362538
2025-11-10,82299.0528750288,83681.74508752879,1571.7776865314117,189.08547403142484,402.2893558495741,51526.88214329108,1461.7674254647004,63.172291175252965,1887.8976895972269,54813.374967177755,24266.40098693064,19655.784799413817,6000.000000000001,6000.000000000005,0.995840244167059,1.0045983396100757,1.003780403024248
2025-11-11,84367.69311771604,81518.96016019768,0.5520173336872176,2849.284974852058,303.93563016969233,53324.28790000928,0.8894655297702138,1044.0305388728254,1104.2234548954157,53385.37028156164,23078.34984763707,18693.463376586024,6000.000000000005,6000.000000000002,0.9962765352419592,1.0072766179974608,1.0064442918957999
2025-11-12,81124.58142351254,80619.99944826074,624.8762372644168,1129.458212516211,349.18924099769674,50668.3447100115,733.6964491988963,342.0461292347325,1693.0966001549039,52753.09163013057,23320.451311181394,18889.565562056923,6000.000000000002,6000.000000000002,0.9875044596746877,0.9953328147301571,0.9961276124038037
2025-11-13,78989.52665463649,80374.39614748779,1424.2704167889565,39.40092393765724,844.2460533146557,49511.234157508414,1510.0373032727077,10.99427909823675,3074.0079980182604,54084.285179701146,22636.557284455303,18336.717692321658,6000.000000000002,5998.770786763487,0.9970577561831986,1.0008957573580133,1.0023424749385332
2025-11-14,37672.88903186557,38021.92288488767,349.03385302210046,0.0,369.8704998114599,20149.090403194634,215.3364356219849,0.0,1384.9348351675255,21749.361673984145,18616.46127514344,15078.227340953323,5998.770786763487,6000.0,0.9993887520392681,0.9907264807202731,0.9943837688968045
2025-11-15,42610.93491997778,40058.48376124734,61.31276044444664,2613.7639191748835,382.91126335878334,22295.293818052312,98.79325090413687,639.4014600798407,1430.7896520569993,23185.47526093361,18899.00640831857,15308.195190738039,6000.0,6000.000000000003,1.0165132213151886,1.007568815653942,1.0063001049477793
2025-11-16,81463.42277918888,82772.57119700556,1309.1484178166668,0.0,549.199671599833,51121.57424965233,1529.3639760421693,0.0,2063.9321827259796,54714.87040842048,23897.460284640045,19356.942830558433,6000.000000000003,6000.0,0.997556147287659,1.0050627413043156,1.0045957859862773
2025-11-17,78975.87090620027,82226.9158982893,3251.04499208902,0.0,405.07333354890375,49738.72559199724,3229.0357489723733,0.0,1372.4110973478232,54340.17243831744,23314.247140349224,18884.540183682868,6000.0,6000.000000000005,0.9929367856379472,0.9909321982160114,0.9914702332005265
2025-11-18,82985.24680373113,82686.34531980711,42.006381014993494,340.90786493902874,635.629981003939,52105.51318927577,50.32279537807939,115.96066505313645,2435.221890657298,54475.09721025801,24290.493201979585,19675.299493603463,6000.000000000005,6000.000000000001,1.000817925420187,0.9997363287942008,1.0002094810948912
2025-11-19,81635.87980814841,85060.6297118652,3504.111488645274,79.36158492849472,496.80495205692563,51250.18585244956,3946.3224744989634,26.345074823609146,1846.4663289059954,57016.62958103092,24187.114301219633,19591.5625839879,6000.000000000001,6000.0,1.018290713842122,1.0074088977233162,1.005581995756612
2025-11-20,81878.18208342393,82637.55402515928,762.5180792755215,3.146137540176369,627.0559600859436,51414.554635863875,812.1400598875093,1.0852601444838383,2467.8576484623604,54693.46708406926,23872.073147873507,19338.475786739284,6000.0,5997.670514486956,1.0013309542765254,1.0000416903802145,0.9999086570718494
2025-11-21,37988.6101546502,38615.89707930194,627.2869246517313,0.0,372.12756207975923,20317.120723220785,504.4282789572824,0.0,932.547566864028,21754.096569042096,19007.78793128827,15394.320804647146,5997.670514486956,5999.878758594011,1.0199388106153573,1.0115262107252172,1.0057219746105708
2025-11-22,44644.53022293724,40839.63599943281,40.24784690287396,3845.142070407299,186.82856713955158,23310.880442578135,64.85135571460081,890.0671540695057,618.6655307491619,23104.33017497239,19042.44355005676,15425.347020538175,5999.878758594011,5998.803486380455,1.0070466016872737,1.0057111697628993,1.0007685325349438
2025-11-23,83025.8676637611,84041.97574254026,1112.1541917623272,96.04611298316968,370.72135814680024,52387.65243711525,1407.901202141613,24.627162068398924,1347.4468989909135,55118.37337617938,23722.331371373166,19214.011548554674,5998.803486380455,6000.000000000004,1.0068542903096054,0.9975222225730003,0.9942024370864613
2025-11-24,81060.67113318347,81213.42693678553,153.54048402921183,0.7846804271409837,776.1009538810008,50922.8899354753,148.63067630714056,0.19715095731917215,3001.2325716912856,54072.55603251641,23476.573835887288,19016.34904864134,6000.000000000004,5999.639731585964,1.0066263957865715,1.0050355527217476,1.0026048815984516
2025-11-25,93107.14591719478,86775.7682826229,0.0,6331.377634571882,298.9849333606447,59500.758061263936,0.0,2258.966084548818,886.250170950221,58128.042147665336,24523.23441611216,19863.49563547821,5999.639731585964,6000.0,1.004572117019008,0.9976871434233824,0.9973661945580412
2025-11-26,88303.14336999999,86911.36969163611,2.9825851499557245,1394.7562635138322,391.13504980106586,55709.42051929688,3.574628302221936,458.5908516973033,1613.7738426364267,56868.17813853822,24774.448784095912,20067.30351511769,6000.0,6000.000000000004,0.9814992151514637,0.9961824961759745,0.9978835236867158
2025-11-27,85545.56289998628,85603.84211096304,104.42443373259891,46.14522275583761,319.1731097140546,54083.263726340585,113.42952883596655,11.148592027125352,1350.4424298012393,55535.987092950665,24433.78495925281,19791.36581699478,6000.000000000004,6000.0,0.9948771246680319,0.9973001863673142,0.9953912681341406
2025-11-28,40592.13679653806,40196.669299694884,0.0,395.46749684317933,495.2540421826144,21333.508346324194,0.0,86.07478450479782,2147.6094784551806,23395.043040274577,19516.15414767726,15809.884980309424,6000.0,5997.999865899068,0.9867531027068229,0.998349239089195,1.0035129848861502
2025-11-29,51006.69877143434,44359.696990439785,0.0,6647.00178099456,255.69729737267048,26651.63609324985,0.0,1632.9615235507674,676.7000955824678,25695.374665281553,19209.34726049134,15557.771160307151,5997.999865899068,6000.000000000002,0.9786484923421881,0.9908597584781645,0.9920860253017859
2025-11-30,88223.31502837448,88357.48810864762,544.2382158772755,410.06513560413214,546.4837042568015,55630.89749142246,592.6916757541885,97.45912177861277,2407.790084588508,58533.920129986545,24664.994892540803,19979.085493807826,6000.000000000002,5999.511521278031,0.9945137853824789,1.0000056503303898,1.001450242439011
2025-12-01,91981.0258510974,95090.33599729637,3172.3193085877283,63.00916238874879,2256.027610447744,58977.4346953585,4454.722353326964,14.764556072001845,6361.19256513291,69778.58505774637,25585.444052382027,20723.770051579675,5999.511521278031,6000.0,1.1,1.1,1.077569195571734
2025-12-02,95081.9390267764,98413.34129855396,3850.3758664019647,518.973594624402,1714.1712224100788,60613.11561763057,5433.559044767676,118.86854807081356,4730.041521536121,70657.84763586355,25557.646597174928,20701.693743711694,6000.0,6000.000000000002,1.1,1.0999405670591655,1.0769536973933067
2025-12-03,85384.48516864197,96612.14639603837,11227.661227396402,0.0,1634.3078097748971,54106.24330705505,12989.196289691483,0.0,3873.725229831156,70969.16482657767,25666.666666666664,20790.0,6000.000000000002,6000.0,1.1,1.09136106060265,1.0698774273570948
2025-12-04,92991.68508666666,95683.30455925477,3839.0605429509874,1147.4410703628782,2013.5584408036136,59761.65869409733,5473.654590969127,434.3718536082139,5652.911887577356,70453.8533190356,25170.617241021264,20388.199965227224,6000.0,6000.0,1.1,1.1,1.0814405341962858
2025-12-05,47535.09783564643,49047.98520478514,1933.9454972322062,421.058128093505,1386.3307995727037,24977.429547043594,2590.0101301019986,95.12600838094141,3779.185602825766,31251.499271590415,21205.2267677365,17176.233681866568,6000.0,6000.000000000002,1.1,1.1,1.1
2025-12-06,49922.233185728735,51171.99419256719,1285.532972366717,35.77196552826399,1486.3718524064243,26186.002564285827,1779.9037512170662,7.3565047108874895,4165.740194916086,32124.29000570809,21523.157506706146,17433.757580431975,6000.000000000002,6000.0,1.1,1.1,1.1
2025-12-07,97334.76952666666,97739.44285664833,2168.121846325407,1763.4485163437464,1127.5603100739145,62507.32938281621,3138.798498364519,494.9432302425816,3208.7221516939344,68359.90680263207,25802.287143734306,20899.85258642479,6000.0,6000.000000000001,1.1,1.0932476463975014,1.0702903295492043
2025-12-08,104579.06629833333,100640.1797024042,0.0,3938.8865959291206,183.75267533437346,67427.25470970989,0.0,1483.2616163265236,937.2616146275795,66881.25470801095,24678.437667649472,19989.534510796075,6000.000000000001,6000.000000000001,0.9913997497098324,0.9900758202141624,0.992940216722169
2025-12-09,103627.89328166666,98672.6806854307,0.0,4955.212596235961,281.37976916992966,66971.75587395005,0.0,1803.7079194164553,1372.3014039798325,66540.34935851343,25180.840794598964,20396.48104362516,6000.000000000001,6000.0,0.9914980802460047,0.9949738374542598,0.9944744894275951
2025-12-10,99099.61764833333,98409.45727852883,327.45280590108234,1017.6131757055686,452.9813473636192,63417.83872257916,232.15187696027263,427.96356281783244,2018.0296811183766,65240.05671783998,25564.31567869587,20707.09569974366,6000.0,6000.0,0.9966671297383154,0.9984174247799309,0.9971523485696318
2025-12-11,103213.70100333332,97444.45040647751,0.0,5769.2505968558135,292.2464932074012,66486.95459114239,0.0,2180.145158994237,1249.2170522973183,65556.02648444548,24852.336630315018,20130.392670555168,6000.0,6000.000000000002,0.9782051468376746,0.9816093398745405,0.9861693398543954
2025-12-12,55506.868795507544,54829.77473827248,98.66328400775154,775.7573412428138,342.55299540500766,29298.466217177756,100.40937412702561,203.87597735134457,1507.9938944628561,30702.993508416293,20855.247513520662,16892.750485951736,6000.000000000002,6000.000000000002,1.0004026232579764,0.9968042952317463,0.9973456145341427
2025-12-13,56732.8809319513,53801.828841538714,0.0,2931.052090412582,268.57857776398896,30224.52292281869,0.0,1002.6654578580282,1341.1712138000332,30563.028678760696,21419.16587211633,17349.52435641423,6000.000000000002,6000.000000000002,0.9925566972296045,0.9938613452156925,0.9926823091619996
2025-12-14,98247.85094934156,98135.85340471157,140.3217529635591,252.31929759355455,685.822402048869,62962.29353050432,91.87848120020541,104.30512699340498,3351.410263939468,66301.27714865058,25133.45276628295,20358.096740689187,6000.000000000002,6000.0,0.9844363519362402,0.9942598754361908,0.9966695535458879
2025-12-15,97533.0552893004,98420.8774427994,1047.3661790156805,159.54402551667488,458.14080619496866,62361.035568659594,871.2358963970801,66.13690302004642,1784.7611255314446,64950.89568756808,25097.869280855026,20329.274117492576,6000.0,6000.0,0.99328364905635,0.9957812335805776,0.9989122785192992
2025-12-16,102898.65807166666,100318.26549387463,0.0,2580.3925777920404,212.95114967402907,66841.9965041975,0.0,1063.2835024764374,659.5839133689254,66438.29691508999,25145.48620630013,20367.843827103105,6000.0,6000.0,0.9985800614487278,1.0027545069906167,0.9997145781945475
2025-12-17,103263.41121225651,98522.37512907606,0.0,4741.0360831804555,336.1748359150884,66430.1442284649,0.0,1759.6770760771456,1605.285288732099,66275.75244111985,24917.293455239585,20183.007698744066,6000.0,6000.0,1.0041990895853041,1.0014575384989606,1.001514917869705
2025-12-18,98101.90248096021,97871.6495360855,0.0,230.25294487471035,238.17655705862336,63315.387005449484,0.0,62.02028057766559,817.8931840690426,64071.25990894086,25055.561761589393,20295.005026887407,6000.0,6000.0,1.01435280745512,1.0092880163720572,1.0056484700977961
2025-12-19,53138.41751700446,52117.45142974297,0.0,1020.9660872614904,451.0371338392234,28285.19783149379,0.0,292.30179000177446,1612.6641540803748,29605.560195572394,20575.55847584725,16666.20236543627,6000.0,6000.0,0.9945692549066846,0.9947472837754606,0.996189796869351
2025-12-20,55790.187069060354,52561.462652963804,0.0,3228.7244160965497,186.65133795938232,29875.943234646835,0.0,1060.3036955271673,774.7796751343584,29590.419214254027,21465.48228468946,17387.04065059846,6000.0,6000.000000000002,0.9940886876165004,0.9927477925651376,0.9957431046386827
2025-12-21,101492.74224918381,99731.2179189133,0.0,1761.524330270501,495.50923541218543,65344.349733243806,0.0,595.5585872065564,1525.4205530615463,66274.2116990988,25298.755616001952,20491.99204896158,6000.000000000002,6000.000000000002,1.0048103482843806,1.0048592789222635,0.999284028281476
2025-12-22,99288.10522187929,99319.09728469858,41.52913190226502,10.537069082975222,350.43117903276556,63938.32679259269,25.621397927102404,4.666533024651841,1542.835304222898,65502.11696171804,25344.705046683204,20529.21108781339,6000.000000000002,6000.0,1.0149408459296614,1.0044583852342546,1.0015957947145442
2025-12-23,101888.76919446501,97668.21785878135,0.0,4220.551335683665,205.21227954269568,65596.01642190617,0.0,1552.4712449342062,653.8588119157278,64697.403988887694,25056.33943697114,20295.63494394663,6000.0,6000.0,0.9918080247980057,0.9876848292245038,0.9945658200674099
2025-12-24,100704.60969555555,98753.89887910265,0.0,1950.710816452899,232.85100181509176,65049.67407786155,0.0,804.3004232857967,1121.894609626969,65367.26826420272,25454.675792829265,20618.287392191705,6000.0,6000.0,0.9890960092224143,0.9926789633089331,0.9943766209219537
2025-12-25,97135.06526744855,96964.04869264163,470.5056853434721,641.5222601503865,743.2824156109368,62048.3041924308,406.8667632280547,267.55996396088574,2911.74476581879,65099.35575751676,25053.28145971165,20293.157982366436,6000.0,6000.0,0.9913772744384722,0.9938193472567896,0.9945276877433004
2025-12-26,53675.48255641632,53073.95942799719,0.0,601.5231284191227,266.57088913271895,28524.452151641937,0.0,169.67247687362098,1194.0221855397228,29548.801860308038,21558.5339898683,17462.412531793325,6000.0,6000.000000000001,1.0045341142198316,1.003661623268479,1.0014431187156216
2025-12-27,54769.34916205603,53613.94487267134,0.0,1155.4042893846956,234.74346464900012,28874.64463013394,0.0,336.941304876519,1025.3050605478304,29563.00838580525,21720.03354331119,17593.22717008207,6000.000000000001,6000.0,0.9851165059594404,0.9900926874888469,1.0003179243001634
2025-12-28,99979.50124628257,98317.0846242552,0.0,1662.4166220273619,308.9333281971225,64371.27460127612,0.0,641.091457058198,1286.057501860347,65016.24064607827,24814.30302573374,20099.585450844334,6000.0,6000.000000000002,1.0038205070757884,0.9928948838179367,0.9941422313848081
2025-12-29,99079.7903957133,98764.86875009052,0.0,314.92164562277935,168.46262301277554,63243.132700205344,0.0,117.13496103632322,674.5339194148028,63800.53165858382,25274.922831298423,20472.988787135826,6000.000000000002,5999.665229128775,0.985089649125436,0.9887553917060959,0.9902120534968042
2025-12-30,98917.74645832647,96216.93887314682,0.0,2700.807585179646,368.59016896024195,63345.627514994936,0.0,927.7814853839506,1567.500142240245,63985.346171851226,24968.57428694217,20224.24387863906,5999.665229128775,6000.000000000001,1.0009904133440375,1.0009365320581691,0.9958576689921362
2025-12-31,100425.73254435528,99320.78048784447,0.0,1104.9520565108037,376.77460130489794,64311.04613066249,0.0,259.0049690869414,1315.9438349585103,65367.98499653406,25343.332786160157,20528.099556789733,6000.000000000001,6000.000000000001,0.998539612245809,0.9973627447924677,0.9961900351954908
